service_name,category,charging_unit,estimated_units,price_per_unit,materials_cost,complexity_level,urgency,contractor_experience_years,contractor_rating,distance_km,weekend,total_price
Instalação de tomada,Elétrica,fixo,1.0,220.0,15.37,baixa,baixa,1,4.56,9.7,0,244.88
Instalação de piso laminado,Pisos,hora,6.0,75.0,97.48,baixa,baixa,3,4.14,4.6,0,527.24
Dedetização,Dedetização,fixo,1.0,180.0,0.78,baixa,média,0,4.12,1.9,0,210.51
Limpeza pós-obra,Limpeza,hora,3.0,40.0,1.53,média,baixa,11,4.29,8.4,0,137.52
Instalação de ar-condicionado,Climatização,unidade,3.0,300.0,592.18,baixa,média,3,5.0,4.2,1,2241.06
Instalação de ar-condicionado,Climatização,hora,1.1,110.0,154.86,média,média,9,3.85,14.8,0,386.37
Instalação de piso laminado,Pisos,hora,2.2,75.0,45.52,baixa,baixa,8,4.05,0.3,0,207.55
Jardinagem básica,Jardinagem,hora,5.0,60.0,1.23,baixa,baixa,5,5.0,12.2,0,299.16
Instalação de tomada,Elétrica,unidade,16.0,100.0,239.02,baixa,baixa,9,5.0,9.6,0,1959.79
Pintura de parede,Pintura,m2,119.0,8.0,131.3,média,média,0,4.76,2.9,0,1464.26
Instalação de tomada,Elétrica,unidade,7.0,100.0,110.67,média,baixa,0,4.0,13.6,0,999.18
Montagem de móveis,Marcenaria,unidade,5.0,200.0,169.47,média,média,8,4.52,7.0,0,1689.06
Limpeza pós-obra,Limpeza,hora,1.7,40.0,0.87,baixa,baixa,10,5.0,1.4,0,70.63
Dedetização,Dedetização,unidade,3.0,60.0,2.27,baixa,baixa,7,4.08,10.2,0,193.48
Conserto de telhado,Telhados,m2,155.0,50.0,5097.69,baixa,baixa,0,4.81,8.5,0,12694.03
Dedetização,Dedetização,unidade,4.0,60.0,3.76,baixa,alta,3,3.65,3.3,1,423.58
Conserto de telhado,Telhados,m2,20.0,50.0,584.31,alta,baixa,8,4.98,9.5,1,3007.95
Instalação de ar-condicionado,Climatização,hora,2.3,110.0,460.76,baixa,alta,11,4.49,6.1,0,989.52
Instalação de piso laminado,Pisos,m2,26.0,45.0,487.12,média,baixa,11,4.25,7.9,0,2016.03
Montagem de móveis,Marcenaria,hora,2.6,85.0,56.67,baixa,baixa,7,4.32,9.3,0,255.21
Montagem de móveis,Marcenaria,unidade,9.0,200.0,234.52,média,baixa,5,4.39,12.9,0,2338.43
Instalação de piso laminado,Pisos,m2,143.0,45.0,2542.12,baixa,baixa,5,4.57,7.5,0,8890.44
Instalação de piso laminado,Pisos,hora,5.4,75.0,130.51,baixa,baixa,0,5.0,21.0,0,561.9
Montagem de móveis,Marcenaria,unidade,11.0,200.0,280.99,alta,alta,8,4.09,10.1,1,6274.51
Conserto de telhado,Telhados,m2,82.0,50.0,3173.05,baixa,baixa,4,4.59,19.6,0,7296.61
Montagem de móveis,Marcenaria,hora,7.0,85.0,174.23,alta,alta,8,3.92,4.8,0,1626.01
Limpeza pós-obra,Limpeza,hora,1.7,40.0,1.16,alta,média,7,3.17,10.9,0,123.72
Instalação de piso laminado,Pisos,m2,148.0,45.0,2739.31,baixa,baixa,13,4.6,4.2,0,9202.88
Limpeza pós-obra,Limpeza,m2,196.0,3.0,108.78,baixa,média,6,4.65,7.1,0,807.09
Conserto de torneira,Hidráulica,hora,3.0,80.0,73.21,média,baixa,6,4.45,13.5,0,372.44
Instalação de piso laminado,Pisos,hora,7.0,75.0,190.59,baixa,baixa,8,4.95,3.1,0,749.04
Instalação de tomada,Elétrica,hora,7.6,90.0,157.8,baixa,baixa,2,3.85,9.3,0,814.76
Conserto de torneira,Hidráulica,hora,8.0,80.0,144.89,baixa,média,5,4.21,5.2,0,862.46
Instalação de tomada,Elétrica,unidade,8.0,100.0,157.14,média,baixa,9,5.0,6.5,0,1113.94
Conserto de telhado,Telhados,m2,56.0,50.0,1589.94,baixa,média,5,4.57,9.7,0,5215.47
Conserto de torneira,Hidráulica,hora,6.6,80.0,145.41,alta,alta,4,5.0,11.8,0,1316.9
Pintura de parede,Pintura,hora,3.0,70.0,1.96,baixa,baixa,1,4.64,6.7,1,272.52
Instalação de ar-condicionado,Climatização,fixo,1.0,600.0,121.39,baixa,alta,5,4.77,5.3,0,1004.15
Montagem de móveis,Marcenaria,hora,3.7,85.0,121.24,baixa,baixa,2,4.14,12.3,0,437.35
Dedetização,Dedetização,m2,140.0,2.0,111.92,média,baixa,6,4.0,14.3,0,471.27
Instalação de piso laminado,Pisos,m2,149.0,45.0,3630.26,baixa,baixa,2,5.0,13.4,0,10085.6
Instalação de tomada,Elétrica,unidade,3.0,100.0,42.92,baixa,alta,3,4.5,4.7,0,460.58
Dedetização,Dedetização,m2,177.0,2.0,101.17,baixa,baixa,0,5.0,0.8,0,477.04
Montagem de móveis,Marcenaria,hora,2.1,85.0,72.93,baixa,baixa,6,4.47,10.1,0,232.52
Montagem de móveis,Marcenaria,unidade,5.0,200.0,139.17,baixa,média,3,4.74,3.6,0,1321.39
Instalação de tomada,Elétrica,fixo,1.0,220.0,12.47,baixa,baixa,15,5.0,16.2,0,240.18
Instalação de tomada,Elétrica,hora,7.8,90.0,129.84,baixa,baixa,10,4.09,5.3,0,776.3
Montagem de móveis,Marcenaria,unidade,5.0,200.0,113.83,média,baixa,5,4.0,5.8,0,1345.0
Instalação de tomada,Elétrica,unidade,1.0,100.0,15.98,baixa,média,4,4.3,9.6,0,145.35
Pintura de parede,Pintura,m2,133.0,8.0,112.93,média,baixa,1,4.51,6.0,0,1366.26
Montagem de móveis,Marcenaria,hora,1.6,85.0,34.26,alta,média,8,4.7,5.1,1,336.38
Instalação de ar-condicionado,Climatização,unidade,5.0,300.0,779.33,baixa,média,12,5.0,7.2,0,2572.4
Montagem de móveis,Marcenaria,hora,5.4,85.0,148.75,média,baixa,7,4.85,6.8,1,913.85
Instalação de tomada,Elétrica,unidade,12.0,100.0,185.92,média,média,3,5.0,12.1,0,1918.0
Pintura de parede,Pintura,m2,80.0,8.0,88.11,baixa,média,4,4.5,13.3,0,821.77
Conserto de torneira,Hidráulica,hora,1.2,80.0,30.93,média,média,3,4.22,13.7,0,185.34
Instalação de piso laminado,Pisos,hora,7.1,75.0,176.23,alta,média,3,4.84,11.3,0,1187.83
Limpeza pós-obra,Limpeza,m2,162.0,3.0,112.94,alta,baixa,0,3.79,4.0,0,940.17
Jardinagem básica,Jardinagem,m2,186.0,1.5,73.38,média,média,12,4.18,5.6,0,491.37
Montagem de móveis,Marcenaria,unidade,17.0,200.0,476.25,baixa,baixa,0,4.36,4.5,0,3830.0
Limpeza pós-obra,Limpeza,hora,1.4,40.0,0.96,baixa,média,4,4.89,8.6,0,66.21
Limpeza pós-obra,Limpeza,fixo,1.0,150.0,0.54,baixa,baixa,2,4.39,9.2,0,145.69
Montagem de móveis,Marcenaria,hora,4.9,85.0,113.64,média,média,13,4.6,8.5,0,734.01
Conserto de torneira,Hidráulica,unidade,6.0,120.0,102.06,baixa,alta,4,4.5,11.4,0,1148.51
Instalação de tomada,Elétrica,hora,1.6,90.0,20.42,média,baixa,10,4.16,4.0,0,208.04
Instalação de piso laminado,Pisos,m2,21.0,45.0,531.84,baixa,média,0,5.0,6.2,1,2122.57
Instalação de piso laminado,Pisos,m2,96.0,45.0,1600.86,baixa,baixa,11,4.79,11.0,0,5941.91
Jardinagem básica,Jardinagem,hora,3.6,60.0,1.05,média,baixa,4,4.63,8.4,0,270.71
Instalação de ar-condicionado,Climatização,hora,8.0,110.0,1013.13,média,baixa,7,4.43,21.7,0,2308.67
Instalação de ar-condicionado,Climatização,unidade,14.0,300.0,2051.06,média,baixa,11,4.05,7.1,0,7321.06
Conserto de torneira,Hidráulica,hora,1.7,80.0,34.05,baixa,baixa,7,3.88,0.1,0,166.25
Conserto de telhado,Telhados,m2,56.0,50.0,1707.23,média,média,4,3.57,18.4,0,5848.62
Pintura de parede,Pintura,hora,2.9,70.0,2.04,média,média,12,3.53,8.9,0,294.69
Limpeza pós-obra,Limpeza,m2,37.0,3.0,19.36,média,baixa,5,5.0,4.3,1,206.77
Conserto de telhado,Telhados,m2,166.0,50.0,5684.42,baixa,média,6,4.16,17.8,0,16226.97
Instalação de ar-condicionado,Climatização,unidade,3.0,300.0,509.97,baixa,média,4,4.71,1.6,0,1612.23
Instalação de tomada,Elétrica,unidade,19.0,100.0,274.98,baixa,alta,7,4.27,12.9,0,2904.72
Conserto de torneira,Hidráulica,hora,6.8,80.0,133.91,baixa,média,3,5.0,16.4,0,767.44
Instalação de piso laminado,Pisos,hora,5.5,75.0,141.13,média,média,6,4.8,8.3,0,771.35
Instalação de piso laminado,Pisos,m2,129.0,45.0,2922.85,média,baixa,7,4.17,4.2,0,11295.08
Limpeza pós-obra,Limpeza,hora,7.4,40.0,3.62,média,baixa,13,4.51,6.8,0,379.96
Montagem de móveis,Marcenaria,hora,6.9,85.0,217.58,baixa,baixa,0,5.0,10.3,0,759.97
Instalação de tomada,Elétrica,unidade,11.0,100.0,139.51,baixa,baixa,1,4.64,12.5,0,1225.1
Instalação de ar-condicionado,Climatização,hora,4.3,110.0,774.34,baixa,baixa,4,4.16,3.1,0,1219.45
Dedetização,Dedetização,m2,22.0,2.0,13.43,alta,média,0,4.3,8.3,0,90.02
Conserto de torneira,Hidráulica,unidade,13.0,120.0,258.17,média,média,5,3.95,8.7,0,2707.14
Instalação de ar-condicionado,Climatização,unidade,11.0,300.0,2231.66,baixa,baixa,5,4.29,11.7,0,5699.27
Instalação de ar-condicionado,Climatização,hora,2.3,110.0,319.34,média,média,4,3.25,1.1,0,833.01
Dedetização,Dedetização,unidade,2.0,60.0,1.75,média,média,8,4.56,26.5,1,219.42
Instalação de ar-condicionado,Climatização,hora,1.8,110.0,288.48,baixa,baixa,0,4.5,3.5,0,458.8
Conserto de telhado,Telhados,hora,1.1,100.0,32.78,baixa,alta,3,3.86,18.1,0,199.55
Instalação de tomada,Elétrica,unidade,3.0,100.0,53.52,alta,baixa,16,4.09,10.4,0,565.21
Conserto de torneira,Hidráulica,hora,5.1,80.0,116.14,baixa,baixa,0,3.83,9.4,1,677.18
Pintura de parede,Pintura,m2,52.0,8.0,45.72,média,baixa,7,4.3,6.8,0,503.58
Jardinagem básica,Jardinagem,hora,7.0,60.0,1.79,média,baixa,9,4.47,18.8,0,504.64
Dedetização,Dedetização,fixo,1.0,180.0,0.9,baixa,média,7,5.0,15.5,0,207.32
Instalação de ar-condicionado,Climatização,unidade,5.0,300.0,684.17,baixa,média,2,3.5,1.8,0,2516.63
Instalação de tomada,Elétrica,hora,1.8,90.0,31.49,alta,média,8,3.57,7.6,1,397.0
Dedetização,Dedetização,unidade,11.0,60.0,8.9,média,média,3,3.33,20.0,1,1245.42
Jardinagem básica,Jardinagem,fixo,1.0,180.0,0.28,baixa,baixa,3,4.53,7.6,0,172.9
Jardinagem básica,Jardinagem,fixo,3.0,24.29,0.0,média,baixa,19,4.65,16.7,0,76.0
Dedetização,Dedetização,hora,5.0,39.66,39.2,alta,baixa,12,4.74,14.8,0,236.62
Limpeza pós-obra,Limpeza,fixo,4.0,5.0,12.27,baixa,alta,20,3.76,6.3,0,36.98
Instalação de ar-condicionado,Climatização,unidade,3.0,155.45,1470.52,baixa,baixa,20,4.47,8.2,0,2069.75
Dedetização,Dedetização,hora,3.0,5.0,36.67,média,alta,6,4.19,6.7,0,54.37
Limpeza pós-obra,Limpeza,fixo,2.0,81.74,58.91,baixa,alta,0,3.64,3.0,0,254.67
Jardinagem básica,Jardinagem,m2,4.0,46.07,70.62,média,alta,17,4.87,21.5,1,249.05
Jardinagem básica,Jardinagem,hora,2.0,5.0,31.92,baixa,alta,19,4.45,6.6,0,42.83
Pintura de parede,Pintura,m2,1.0,74.71,7.29,média,média,11,4.11,6.1,0,86.56
Instalação de ar-condicionado,Climatização,hora,2.0,382.53,584.3,média,alta,18,3.91,8.2,0,1530.62
Montagem de móveis,Marcenaria,unidade,5.0,155.17,213.41,alta,média,8,4.49,5.3,0,1193.16
Instalação de ar-condicionado,Climatização,hora,3.0,454.83,973.41,baixa,média,19,4.32,4.7,1,2814.74
Instalação de tomada,Elétrica,unidade,6.0,183.48,77.94,baixa,média,0,4.95,10.8,1,1164.93
Instalação de tomada,Elétrica,hora,4.0,114.46,163.57,baixa,média,3,4.49,3.2,1,731.22
Dedetização,Dedetização,m2,1.0,36.86,39.52,alta,alta,4,4.2,21.6,0,91.58
Conserto de torneira,Hidráulica,hora,4.0,41.32,16.16,média,alta,2,4.51,14.0,1,211.24
Dedetização,Dedetização,hora,1.0,145.79,15.1,baixa,baixa,12,3.03,3.2,1,192.69
Jardinagem básica,Jardinagem,hora,1.0,118.99,43.78,média,alta,14,4.42,17.2,0,163.08
Jardinagem básica,Jardinagem,m2,2.0,62.32,14.49,baixa,alta,16,4.94,17.1,1,158.85
Pintura de parede,Pintura,m2,2.0,15.31,30.65,média,baixa,16,3.7,6.6,1,62.35
Limpeza pós-obra,Limpeza,fixo,4.0,83.16,0.0,baixa,baixa,3,4.38,7.9,1,327.53
Dedetização,Dedetização,fixo,5.0,100.9,61.25,média,baixa,0,3.84,24.2,0,660.92
Pintura de parede,Pintura,unidade,3.0,26.79,11.27,alta,média,0,4.12,9.0,0,95.71
Pintura de parede,Pintura,m2,3.0,47.64,62.31,alta,alta,3,5.0,3.9,1,249.14
Limpeza pós-obra,Limpeza,unidade,3.0,28.3,0.0,alta,baixa,10,4.87,8.8,0,99.75
Jardinagem básica,Jardinagem,fixo,2.0,83.34,30.75,média,baixa,9,5.0,6.4,0,245.5
Conserto de torneira,Hidráulica,fixo,6.0,87.96,70.21,média,baixa,7,5.0,3.6,1,632.44
Conserto de telhado,Telhados,unidade,5.0,23.0,2651.23,média,média,3,4.29,20.2,1,3105.41
Dedetização,Dedetização,fixo,3.0,5.0,0.0,baixa,alta,1,4.31,11.3,0,16.71
Instalação de piso laminado,Pisos,hora,3.0,29.24,821.23,média,baixa,1,5.0,5.2,1,928.51
Conserto de telhado,Telhados,fixo,3.0,53.74,2679.43,baixa,média,17,5.0,16.7,1,3069.07
Montagem de móveis,Marcenaria,hora,2.0,114.72,135.58,média,média,20,4.35,9.2,0,426.18
Instalação de piso laminado,Pisos,unidade,2.0,62.73,1279.43,média,média,7,5.0,2.5,0,1552.25
Jardinagem básica,Jardinagem,fixo,2.0,68.26,0.0,baixa,baixa,19,4.67,8.5,1,152.13
Dedetização,Dedetização,fixo,3.0,5.0,12.61,baixa,baixa,17,5.0,18.9,1,28.81
Instalação de ar-condicionado,Climatização,fixo,4.0,665.25,1537.63,alta,alta,20,4.02,0.3,1,4299.57
Conserto de torneira,Hidráulica,fixo,4.0,58.19,159.38,alta,média,0,4.65,6.5,0,431.55
Limpeza pós-obra,Limpeza,m2,4.0,5.0,12.97,alta,baixa,1,4.66,7.0,1,42.51
Limpeza pós-obra,Limpeza,hora,3.0,134.87,19.64,alta,alta,5,4.76,9.6,0,493.49
Dedetização,Dedetização,unidade,1.0,101.26,0.0,alta,baixa,5,4.72,14.0,1,115.51
Limpeza pós-obra,Limpeza,m2,1.0,33.83,55.41,média,baixa,6,5.0,10.2,1,91.78
Conserto de telhado,Telhados,fixo,3.0,54.23,3698.14,alta,média,2,4.54,10.9,0,4276.65
Instalação de ar-condicionado,Climatização,m2,4.0,5.0,502.01,alta,alta,5,4.39,12.7,0,552.33
Conserto de torneira,Hidráulica,m2,4.0,84.52,96.47,alta,alta,4,3.94,9.8,0,450.52
Limpeza pós-obra,Limpeza,m2,3.0,57.42,89.06,média,alta,14,4.42,9.6,1,279.56
Instalação de ar-condicionado,Climatização,hora,4.0,470.69,744.1,média,baixa,11,3.84,8.7,0,2988.55
Instalação de piso laminado,Pisos,hora,7.0,89.65,0.0,alta,baixa,11,4.19,16.1,1,705.42
Instalação de piso laminado,Pisos,hora,3.0,51.35,0.0,média,baixa,17,3.87,14.5,1,188.57
Instalação de piso laminado,Pisos,fixo,1.0,68.93,1982.21,baixa,alta,4,4.93,8.4,0,2150.46
Dedetização,Dedetização,fixo,2.0,5.0,34.7,baixa,baixa,3,3.94,0.1,0,50.35
Instalação de tomada,Elétrica,hora,2.0,167.65,243.53,baixa,alta,19,4.5,7.4,1,627.8
Montagem de móveis,Marcenaria,hora,4.0,28.13,144.63,alta,baixa,6,4.82,8.5,1,284.44
Instalação de piso laminado,Pisos,hora,2.0,68.44,1513.61,baixa,alta,2,4.83,15.4,0,1797.34
Conserto de torneira,Hidráulica,hora,6.0,87.84,83.4,alta,baixa,12,4.1,10.5,1,627.21
Conserto de telhado,Telhados,hora,4.0,65.45,2088.6,média,baixa,1,4.26,16.9,0,2526.55
Conserto de torneira,Hidráulica,fixo,5.0,84.1,126.2,alta,baixa,19,4.03,14.9,0,564.25
Conserto de telhado,Telhados,m2,3.0,50.19,4290.44,média,alta,7,5.0,20.2,0,5485.49
Conserto de telhado,Telhados,fixo,3.0,50.49,2403.57,alta,média,4,4.79,18.7,0,3378.15
Conserto de torneira,Hidráulica,m2,3.0,70.48,198.71,alta,alta,2,4.42,9.8,0,517.95
Instalação de tomada,Elétrica,fixo,3.0,90.07,27.31,baixa,baixa,18,4.47,7.3,0,337.24
Montagem de móveis,Marcenaria,fixo,7.0,118.19,174.2,média,baixa,13,4.99,9.5,0,1297.65
Montagem de móveis,Marcenaria,fixo,2.0,146.06,0.0,média,média,1,4.46,10.7,0,328.59
Jardinagem básica,Jardinagem,unidade,3.0,16.79,26.89,baixa,média,2,4.88,16.6,0,99.28
Jardinagem básica,Jardinagem,unidade,4.0,122.09,52.17,alta,baixa,3,4.71,11.8,1,549.9
Instalação de ar-condicionado,Climatização,unidade,2.0,218.25,1253.47,média,alta,2,4.73,6.6,0,1940.41
Pintura de parede,Pintura,m2,3.0,10.11,105.25,média,alta,20,4.51,17.4,0,168.92
Jardinagem básica,Jardinagem,unidade,3.0,102.58,0.0,média,alta,10,4.53,11.4,1,353.54
Limpeza pós-obra,Limpeza,m2,4.0,44.26,16.76,média,baixa,19,3.93,4.2,0,199.82
Limpeza pós-obra,Limpeza,fixo,2.0,41.51,42.98,baixa,média,11,5.0,10.2,1,138.07
Montagem de móveis,Marcenaria,unidade,5.0,207.83,155.46,alta,baixa,12,4.14,4.7,0,1389.66
Limpeza pós-obra,Limpeza,m2,2.0,18.64,73.57,alta,média,17,3.88,6.4,0,138.43
Pintura de parede,Pintura,m2,2.0,27.05,101.77,baixa,baixa,15,4.18,13.2,1,159.68
Instalação de tomada,Elétrica,hora,5.0,168.88,151.63,média,alta,0,4.3,12.1,1,1060.54
Instalação de tomada,Elétrica,fixo,3.0,94.2,111.63,alta,baixa,8,4.23,6.7,0,438.64
Dedetização,Dedetização,m2,2.0,66.35,0.0,baixa,baixa,16,4.26,19.6,1,164.06
Pintura de parede,Pintura,m2,2.0,24.76,114.51,baixa,baixa,9,4.47,7.1,0,178.67
Instalação de tomada,Elétrica,hora,5.0,109.82,321.65,média,média,13,5.0,7.4,1,970.18
Instalação de piso laminado,Pisos,unidade,5.0,55.12,1014.23,baixa,alta,15,5.0,7.3,0,1414.54
Instalação de ar-condicionado,Climatização,m2,2.0,268.72,2658.09,alta,alta,0,3.52,3.1,0,3352.15
Dedetização,Dedetização,unidade,4.0,31.32,34.6,alta,baixa,15,4.07,0.1,1,166.53
Jardinagem básica,Jardinagem,fixo,1.0,63.81,63.28,baixa,média,0,4.28,11.7,1,151.63
Instalação de piso laminado,Pisos,m2,5.0,78.06,503.74,baixa,média,15,4.44,9.4,1,902.84
Instalação de tomada,Elétrica,hora,1.0,209.67,60.89,alta,média,4,4.54,19.9,0,298.87
Jardinagem básica,Jardinagem,unidade,2.0,62.4,37.36,baixa,média,11,4.61,19.0,0,162.91
Montagem de móveis,Marcenaria,m2,6.0,91.39,243.0,média,alta,20,4.09,6.6,1,806.49
Instalação de ar-condicionado,Climatização,m2,4.0,147.57,1639.21,alta,alta,17,4.85,2.6,1,2371.52
Jardinagem básica,Jardinagem,hora,3.0,175.47,0.0,alta,baixa,14,4.53,13.1,1,674.8
Pintura de parede,Pintura,fixo,2.0,49.77,112.56,baixa,alta,7,3.67,5.8,1,247.28
Instalação de piso laminado,Pisos,fixo,2.0,48.6,134.15,alta,média,2,4.06,16.9,1,255.75
Dedetização,Dedetização,unidade,5.0,72.89,12.06,baixa,média,12,4.61,20.2,0,429.59
Dedetização,Dedetização,unidade,3.0,46.66,50.8,alta,média,5,4.5,5.2,0,201.3
Instalação de ar-condicionado,Climatização,hora,3.0,355.21,645.65,alta,alta,13,3.81,5.7,0,2030.29
Jardinagem básica,Jardinagem,fixo,3.0,118.22,27.31,alta,baixa,18,4.63,2.0,0,377.65
Dedetização,Dedetização,hora,4.0,18.56,82.08,alta,baixa,2,4.8,10.0,0,176.08
Montagem de móveis,Marcenaria,unidade,1.0,139.63,359.67,média,média,12,4.87,4.8,1,526.55
Instalação de ar-condicionado,Climatização,hora,4.0,453.72,1498.94,média,baixa,19,5.0,6.7,0,3630.26
Conserto de telhado,Telhados,unidade,2.0,48.32,2697.75,média,baixa,8,5.0,10.7,0,3268.15
Conserto de telhado,Telhados,unidade,3.0,58.06,1919.62,média,alta,19,4.49,6.8,1,2420.59
Conserto de telhado,Telhados,m2,1.0,46.95,1613.72,baixa,alta,5,3.71,13.0,0,2069.38
Jardinagem básica,Jardinagem,hora,4.0,76.8,22.1,média,alta,14,4.59,5.9,1,405.83
Instalação de ar-condicionado,Climatização,fixo,4.0,53.89,958.23,baixa,baixa,20,4.2,0.1,1,1491.42
Dedetização,Dedetização,fixo,1.0,49.35,3.3,alta,alta,0,3.66,6.7,1,64.08
Jardinagem básica,Jardinagem,hora,3.0,5.0,0.0,baixa,baixa,3,4.9,11.2,0,16.01
Conserto de telhado,Telhados,m2,4.0,55.22,0.0,baixa,média,18,4.59,16.3,0,254.81
Instalação de tomada,Elétrica,m2,3.0,139.61,0.88,alta,baixa,16,3.94,8.0,0,500.44
Jardinagem básica,Jardinagem,hora,4.0,186.56,34.84,alta,alta,3,4.59,9.2,1,812.92
Conserto de telhado,Telhados,unidade,2.0,84.14,3381.02,baixa,alta,2,4.46,20.3,1,4037.32
Conserto de torneira,Hidráulica,unidade,1.0,114.22,210.45,média,baixa,14,4.16,11.5,1,378.04
Instalação de ar-condicionado,Climatização,m2,2.0,431.59,1873.66,baixa,alta,4,4.05,0.1,1,3425.31
Instalação de ar-condicionado,Climatização,hora,1.0,61.81,1381.92,baixa,alta,15,3.95,5.1,1,1471.76
Pintura de parede,Pintura,unidade,2.0,14.21,0.0,média,baixa,20,4.52,2.9,1,30.58
Instalação de piso laminado,Pisos,fixo,3.0,50.56,1151.55,baixa,alta,7,4.5,6.4,0,1510.65
Jardinagem básica,Jardinagem,hora,2.0,194.27,0.0,alta,média,7,4.89,15.2,1,389.88
Conserto de torneira,Hidráulica,hora,3.0,99.74,105.14,alta,baixa,11,4.01,7.4,0,465.07
Montagem de móveis,Marcenaria,unidade,4.0,174.78,182.25,baixa,alta,9,4.73,7.2,1,944.96
Dedetização,Dedetização,m2,2.0,5.0,32.57,alta,alta,15,4.16,3.2,0,44.1
Limpeza pós-obra,Limpeza,m2,4.0,60.06,47.97,média,alta,7,5.0,7.2,1,341.47
Instalação de piso laminado,Pisos,m2,3.0,31.54,221.52,baixa,baixa,11,3.89,15.6,1,314.94
Instalação de piso laminado,Pisos,m2,2.0,44.29,754.17,baixa,alta,15,4.91,7.0,1,942.36
Instalação de piso laminado,Pisos,unidade,1.0,63.69,361.13,média,média,12,4.5,3.4,1,429.89
Instalação de tomada,Elétrica,unidade,4.0,67.1,145.74,alta,baixa,11,4.48,10.0,0,465.29
Dedetização,Dedetização,unidade,6.0,11.26,12.65,média,baixa,5,3.92,6.0,1,86.4
Conserto de torneira,Hidráulica,fixo,7.0,103.31,119.68,média,média,10,3.69,14.3,0,973.51
Dedetização,Dedetização,m2,3.0,110.02,0.0,alta,baixa,3,3.9,5.1,0,383.8
Pintura de parede,Pintura,hora,1.0,39.41,173.12,alta,média,5,5.0,6.4,1,243.18
Dedetização,Dedetização,hora,4.0,115.45,74.38,média,alta,14,4.44,15.0,1,641.86
Jardinagem básica,Jardinagem,fixo,5.0,82.12,0.0,alta,baixa,11,4.55,8.0,0,442.91
Dedetização,Dedetização,fixo,4.0,92.61,0.0,baixa,alta,17,4.56,11.3,0,419.86
Montagem de móveis,Marcenaria,unidade,2.0,142.69,191.38,média,alta,20,4.13,10.0,0,506.03
Instalação de piso laminado,Pisos,fixo,6.0,62.94,658.6,baixa,alta,3,4.98,7.2,0,1301.32
Instalação de tomada,Elétrica,m2,4.0,67.06,123.37,alta,baixa,16,4.25,8.6,1,459.62
Dedetização,Dedetização,hora,1.0,94.99,1.17,média,alta,5,3.5,2.2,1,115.11
Jardinagem básica,Jardinagem,hora,3.0,137.51,27.39,média,baixa,12,4.35,1.9,0,525.32
Instalação de piso laminado,Pisos,fixo,3.0,58.47,650.18,baixa,baixa,14,4.93,13.1,0,914.28
Limpeza pós-obra,Limpeza,hora,3.0,29.27,18.65,média,baixa,6,3.79,2.2,0,120.65
Dedetização,Dedetização,hora,1.0,310.42,0.0,baixa,média,14,3.02,4.2,0,367.04
Jardinagem básica,Jardinagem,m2,2.0,24.56,0.0,alta,média,13,4.48,10.9,0,51.45
Montagem de móveis,Marcenaria,hora,2.0,122.43,168.86,média,alta,20,4.39,5.1,0,423.51
Instalação de piso laminado,Pisos,m2,4.0,67.56,904.83,alta,média,13,4.55,16.5,0,1204.8
Conserto de torneira,Hidráulica,hora,3.0,86.46,181.39,alta,média,2,4.02,4.3,1,567.1
Conserto de telhado,Telhados,hora,1.0,61.41,3366.78,média,média,9,4.56,12.3,1,4454.5
Montagem de móveis,Marcenaria,fixo,5.0,245.05,172.62,baixa,baixa,20,4.45,10.7,0,1636.48
Instalação de tomada,Elétrica,fixo,3.0,182.84,105.85,alta,alta,15,4.21,9.2,0,688.15
Conserto de torneira,Hidráulica,m2,2.0,90.72,92.16,alta,média,19,3.71,6.3,1,289.22
Dedetização,Dedetização,m2,7.0,5.0,24.47,média,baixa,15,2.94,5.6,1,64.57
Limpeza pós-obra,Limpeza,m2,6.0,110.06,8.35,baixa,alta,2,4.92,6.0,0,721.59
Instalação de ar-condicionado,Climatização,fixo,2.0,94.24,0.0,média,média,6,4.35,5.0,0,209.53
Jardinagem básica,Jardinagem,hora,4.0,136.02,0.0,alta,baixa,3,4.61,12.2,0,576.83
Montagem de móveis,Marcenaria,hora,2.0,69.51,129.17,baixa,média,13,4.64,7.9,1,291.35
Dedetização,Dedetização,unidade,3.0,115.64,29.36,média,média,14,4.2,10.9,1,415.24
Montagem de móveis,Marcenaria,m2,4.0,76.22,0.0,alta,média,4,4.04,7.2,1,356.37
Limpeza pós-obra,Limpeza,fixo,5.0,63.2,64.05,média,baixa,4,4.72,7.0,0,394.82
Instalação de ar-condicionado,Climatização,unidade,3.0,295.64,0.0,alta,alta,3,4.67,14.6,1,1071.55
Dedetização,Dedetização,m2,3.0,46.8,51.43,alta,baixa,4,4.44,0.1,1,213.59
Instalação de ar-condicionado,Climatização,unidade,3.0,397.72,775.04,baixa,alta,1,4.07,0.1,0,2051.12
Conserto de telhado,Telhados,fixo,3.0,40.34,3559.24,média,baixa,6,4.2,22.0,0,3745.27
Instalação de piso laminado,Pisos,hora,5.0,85.23,3646.66,baixa,média,17,4.43,2.1,1,4115.28
Jardinagem básica,Jardinagem,hora,4.0,58.83,3.27,alta,baixa,17,4.49,3.7,1,244.98
Limpeza pós-obra,Limpeza,fixo,6.0,34.37,49.21,baixa,alta,16,4.89,6.1,0,305.44
Instalação de tomada,Elétrica,unidade,8.0,52.84,20.27,alta,alta,8,3.62,11.6,0,479.34
Conserto de torneira,Hidráulica,unidade,2.0,93.95,146.32,alta,média,18,3.4,18.6,0,378.64
Jardinagem básica,Jardinagem,fixo,5.0,125.98,29.07,média,média,1,5.0,9.2,1,861.92
Conserto de telhado,Telhados,hora,3.0,37.11,1122.03,média,média,11,4.45,19.8,1,1459.44
Conserto de torneira,Hidráulica,fixo,4.0,79.65,209.98,baixa,média,9,4.47,8.5,1,536.91
Pintura de parede,Pintura,hora,2.0,9.62,0.0,baixa,baixa,4,4.33,12.3,0,20.41
Dedetização,Dedetização,hora,1.0,48.55,45.9,alta,média,6,3.3,14.5,0,108.16
Instalação de tomada,Elétrica,fixo,4.0,193.95,174.01,baixa,alta,14,4.11,9.5,0,1086.5
Jardinagem básica,Jardinagem,hora,1.0,50.57,15.7,baixa,alta,16,4.63,5.0,1,81.79
Montagem de móveis,Marcenaria,hora,2.0,80.13,194.38,alta,alta,15,4.16,8.2,0,414.72
Conserto de telhado,Telhados,m2,4.0,31.98,4118.78,média,alta,13,3.75,21.2,1,4730.13
Montagem de móveis,Marcenaria,fixo,2.0,176.09,18.37,baixa,baixa,3,4.55,11.0,1,370.74
Montagem de móveis,Marcenaria,unidade,3.0,174.73,213.41,baixa,alta,9,4.39,6.7,1,864.17
Jardinagem básica,Jardinagem,unidade,2.0,5.0,35.61,alta,alta,5,4.16,15.9,0,46.15
Instalação de piso laminado,Pisos,m2,3.0,31.51,2073.56,média,baixa,5,4.62,7.3,1,2157.54
Dedetização,Dedetização,fixo,2.0,22.19,0.06,média,alta,9,3.9,21.6,1,46.35
Jardinagem básica,Jardinagem,hora,2.0,36.42,21.28,alta,média,19,4.45,9.0,1,118.75
Jardinagem básica,Jardinagem,unidade,5.0,121.83,48.02,média,média,10,4.38,0.1,0,736.6
Instalação de ar-condicionado,Climatização,fixo,2.0,330.9,1170.26,baixa,média,12,4.28,12.9,0,1904.37
Jardinagem básica,Jardinagem,hora,3.0,37.78,40.79,média,alta,5,5.0,9.2,0,186.45
Conserto de torneira,Hidráulica,hora,2.0,100.32,85.12,baixa,média,16,5.0,15.5,0,285.74
Dedetização,Dedetização,unidade,2.0,31.69,11.71,baixa,baixa,17,4.57,8.9,0,91.87
Conserto de telhado,Telhados,hora,3.0,58.49,2386.81,baixa,média,18,5.0,15.0,1,2877.53
Dedetização,Dedetização,m2,5.0,97.19,33.19,alta,média,20,4.4,10.3,0,530.64
Dedetização,Dedetização,fixo,1.0,8.46,13.37,média,média,5,4.07,19.7,1,28.29
Montagem de móveis,Marcenaria,m2,2.0,165.3,73.46,alta,alta,1,4.52,10.0,1,474.74
Montagem de móveis,Marcenaria,m2,2.0,83.88,136.16,alta,baixa,10,4.65,11.6,0,340.84
Montagem de móveis,Marcenaria,hora,3.0,108.11,0.0,média,média,7,4.67,12.1,1,370.97
Pintura de parede,Pintura,unidade,2.0,40.41,122.32,baixa,alta,0,4.82,8.1,1,205.85
Jardinagem básica,Jardinagem,m2,3.0,27.12,0.0,média,alta,4,4.57,13.2,1,104.55
Instalação de piso laminado,Pisos,m2,3.0,63.18,1297.6,alta,alta,18,4.89,17.0,1,1614.78
Instalação de tomada,Elétrica,fixo,2.0,119.57,126.99,alta,média,0,4.41,7.2,1,363.43
Instalação de ar-condicionado,Climatização,fixo,2.0,426.66,680.3,alta,média,19,4.75,5.3,0,1669.22
Instalação de piso laminado,Pisos,unidade,3.0,57.19,1488.28,média,média,16,4.67,9.6,0,1600.15
Dedetização,Dedetização,unidade,2.0,75.51,10.83,alta,média,6,3.49,13.9,0,159.15
Jardinagem básica,Jardinagem,hora,5.0,161.55,70.76,alta,baixa,17,5.0,11.6,1,954.08
Pintura de parede,Pintura,fixo,2.0,6.35,59.8,alta,alta,15,4.67,6.9,0,87.49
Conserto de torneira,Hidráulica,unidade,2.0,118.4,123.51,média,média,18,4.13,4.9,0,426.55
Conserto de telhado,Telhados,fixo,2.0,67.12,2175.88,média,alta,3,4.65,12.5,1,2729.77
Instalação de ar-condicionado,Climatização,fixo,3.0,149.2,701.12,média,média,16,5.0,1.6,0,1367.65
Instalação de piso laminado,Pisos,unidade,4.0,56.21,4320.68,baixa,baixa,10,4.36,14.4,0,5401.29
Instalação de piso laminado,Pisos,m2,3.0,39.88,1113.31,baixa,baixa,17,4.09,1.6,0,1327.71
Conserto de torneira,Hidráulica,hora,1.0,85.85,120.6,alta,alta,4,4.31,18.2,1,243.31
Conserto de torneira,Hidráulica,hora,2.0,80.61,83.0,média,média,5,4.83,6.6,1,308.25
Dedetização,Dedetização,m2,2.0,46.05,61.78,alta,média,0,5.0,0.1,1,163.03
Instalação de tomada,Elétrica,hora,1.0,108.54,322.56,baixa,média,11,4.69,8.6,0,537.47
Limpeza pós-obra,Limpeza,hora,4.0,5.0,0.0,alta,alta,18,3.91,6.0,1,23.81
Instalação de piso laminado,Pisos,hora,5.0,64.75,2157.61,média,média,5,3.88,0.6,1,2756.23
Dedetização,Dedetização,m2,2.0,87.26,20.5,baixa,alta,12,4.03,1.2,1,206.63
Instalação de piso laminado,Pisos,hora,2.0,80.65,1153.2,alta,alta,2,4.73,8.7,0,1401.39
Instalação de tomada,Elétrica,fixo,2.0,130.71,130.59,baixa,baixa,15,4.91,7.0,1,480.93
Pintura de parede,Pintura,m2,3.0,6.32,121.96,baixa,alta,16,4.36,10.5,1,156.75
Instalação de ar-condicionado,Climatização,unidade,1.0,402.69,0.0,alta,média,8,3.32,2.8,0,415.98
Dedetização,Dedetização,hora,2.0,190.52,82.12,baixa,baixa,18,3.82,7.0,0,572.17
Instalação de tomada,Elétrica,fixo,2.0,50.54,3.72,baixa,alta,7,3.94,18.0,0,114.35
Conserto de telhado,Telhados,fixo,1.0,37.11,0.0,baixa,alta,16,4.62,16.8,1,45.59
Instalação de ar-condicionado,Climatização,fixo,2.0,269.87,1311.33,alta,baixa,1,4.09,12.4,0,1907.17
Conserto de torneira,Hidráulica,unidade,2.0,102.25,129.85,alta,alta,20,4.52,12.8,0,368.27
Dedetização,Dedetização,fixo,2.0,138.89,26.27,alta,média,13,3.91,12.9,0,304.11
Conserto de torneira,Hidráulica,unidade,1.0,87.13,114.99,média,alta,18,3.82,13.8,0,209.39
Dedetização,Dedetização,fixo,3.0,5.0,106.61,média,baixa,6,4.54,3.1,0,128.17
Instalação de ar-condicionado,Climatização,fixo,5.0,381.1,1041.21,alta,baixa,17,3.88,1.2,1,3361.41
Conserto de telhado,Telhados,fixo,3.0,47.68,3700.44,alta,média,1,4.56,18.4,0,3990.18
Instalação de ar-condicionado,Climatização,hora,1.0,158.79,10.13,baixa,baixa,14,4.94,15.2,0,183.52
Instalação de piso laminado,Pisos,unidade,5.0,48.26,680.7,média,alta,7,4.28,9.0,0,964.87
Conserto de telhado,Telhados,hora,1.0,46.32,3760.37,baixa,baixa,3,4.32,18.1,1,4723.62
Montagem de móveis,Marcenaria,fixo,3.0,227.64,187.29,média,baixa,4,4.89,5.9,1,912.93
Montagem de móveis,Marcenaria,hora,3.0,218.86,226.74,baixa,média,5,4.52,10.6,1,1145.92
Pintura de parede,Pintura,unidade,3.0,32.1,28.66,baixa,alta,2,4.74,4.0,1,131.0
Conserto de torneira,Hidráulica,unidade,3.0,84.35,116.6,baixa,média,7,4.54,9.3,0,449.02
Conserto de telhado,Telhados,hora,4.0,40.8,3395.13,média,média,18,3.69,18.9,1,3564.02
Pintura de parede,Pintura,fixo,1.0,5.0,69.17,alta,baixa,0,4.35,2.8,1,86.84
Pintura de parede,Pintura,unidade,3.0,46.88,72.84,alta,baixa,4,4.19,2.5,0,217.6
Montagem de móveis,Marcenaria,hora,3.0,252.16,13.57,baixa,baixa,6,4.48,12.5,1,903.13
Conserto de torneira,Hidráulica,fixo,2.0,82.94,187.72,média,alta,5,3.75,6.6,0,385.85
Jardinagem básica,Jardinagem,fixo,2.0,5.0,65.53,alta,média,15,4.55,9.1,0,82.12
Limpeza pós-obra,Limpeza,m2,3.0,57.95,0.0,baixa,média,20,4.84,6.0,0,184.35
Dedetização,Dedetização,m2,2.0,5.66,0.0,média,baixa,5,5.0,15.5,0,13.34
Montagem de móveis,Marcenaria,unidade,5.0,115.93,217.0,alta,média,15,4.75,6.4,1,913.07
Limpeza pós-obra,Limpeza,hora,3.0,53.18,84.42,média,baixa,3,5.0,5.3,1,277.02
Conserto de torneira,Hidráulica,fixo,4.0,107.24,60.35,alta,alta,13,4.45,14.8,1,570.78
Instalação de tomada,Elétrica,hora,5.0,63.73,88.44,baixa,média,1,4.19,2.3,1,451.36
Instalação de ar-condicionado,Climatização,m2,3.0,187.86,1011.37,alta,alta,20,4.47,6.4,1,1869.76
Limpeza pós-obra,Limpeza,unidade,4.0,55.04,43.11,média,média,11,4.17,7.3,1,313.41
Instalação de ar-condicionado,Climatização,m2,5.0,197.5,1937.87,baixa,média,17,4.38,3.8,0,3237.44
Montagem de móveis,Marcenaria,fixo,3.0,135.39,365.03,alta,baixa,10,4.4,8.8,0,825.98
Instalação de ar-condicionado,Climatização,hora,2.0,302.3,906.01,média,média,14,4.7,2.7,0,1527.79
Jardinagem básica,Jardinagem,fixo,5.0,131.77,0.0,média,média,14,4.56,2.5,1,724.24
Instalação de tomada,Elétrica,hora,2.0,160.51,80.41,média,alta,8,3.86,6.7,0,453.85
Instalação de piso laminado,Pisos,fixo,2.0,55.85,80.25,média,alta,6,4.17,1.5,0,202.64
Conserto de telhado,Telhados,m2,2.0,62.93,2687.42,baixa,baixa,9,3.79,22.2,1,3155.29
Pintura de parede,Pintura,m2,4.0,17.08,179.48,alta,média,10,4.64,6.4,1,298.45
Instalação de piso laminado,Pisos,hora,5.0,63.2,2802.45,alta,alta,12,4.93,8.0,1,3461.51
Instalação de ar-condicionado,Climatização,unidade,2.0,306.61,934.2,baixa,média,12,4.74,2.9,0,1626.53
Montagem de móveis,Marcenaria,m2,4.0,134.45,302.48,baixa,baixa,3,3.64,11.8,1,956.96
Conserto de telhado,Telhados,unidade,3.0,63.88,844.8,alta,média,2,3.71,20.5,1,1125.39
Conserto de telhado,Telhados,m2,3.0,60.16,4441.43,média,média,14,4.54,20.3,0,5408.75
Instalação de piso laminado,Pisos,fixo,6.0,88.2,0.0,média,baixa,7,4.75,6.9,0,557.52
Instalação de piso laminado,Pisos,hora,3.0,53.21,1071.63,média,baixa,20,4.27,9.4,1,1320.59
Montagem de móveis,Marcenaria,unidade,3.0,148.28,88.41,baixa,média,9,3.97,6.8,0,674.97
Instalação de piso laminado,Pisos,m2,2.0,70.39,1600.14,baixa,baixa,11,4.28,9.0,1,1853.84
Limpeza pós-obra,Limpeza,fixo,3.0,94.46,0.0,média,baixa,4,4.05,1.1,0,303.27
Limpeza pós-obra,Limpeza,hora,2.0,5.0,55.28,baixa,alta,10,4.98,1.1,1,78.65
Dedetização,Dedetização,hora,4.0,174.35,54.41,média,alta,14,4.85,0.9,0,810.73
Pintura de parede,Pintura,hora,3.0,5.0,71.99,média,média,20,5.0,13.0,1,95.63
Pintura de parede,Pintura,fixo,3.0,33.17,34.4,alta,média,20,4.71,12.1,0,144.59
Limpeza pós-obra,Limpeza,unidade,3.0,67.18,36.41,alta,baixa,5,3.4,8.5,1,299.4
Conserto de telhado,Telhados,m2,2.0,27.0,650.62,baixa,média,9,4.49,16.5,1,909.61
Dedetização,Dedetização,unidade,2.0,85.95,0.0,baixa,baixa,12,4.25,7.7,0,206.17
Conserto de torneira,Hidráulica,unidade,4.0,64.22,97.16,alta,alta,7,4.22,11.7,1,370.3
Jardinagem básica,Jardinagem,hora,2.0,99.71,16.08,baixa,alta,19,4.66,2.0,0,212.81
Conserto de telhado,Telhados,hora,3.0,36.78,941.13,média,baixa,8,4.32,16.3,0,1252.58
Instalação de ar-condicionado,Climatização,unidade,3.0,225.57,1459.85,alta,média,3,3.71,1.6,0,2267.68
Conserto de telhado,Telhados,hora,7.0,35.77,114.32,média,baixa,20,5.0,11.9,1,443.6
Limpeza pós-obra,Limpeza,fixo,2.0,63.9,0.0,alta,alta,14,4.58,6.0,0,134.65
Instalação de ar-condicionado,Climatização,hora,5.0,155.44,494.97,baixa,alta,1,3.89,14.1,1,1408.84
Jardinagem básica,Jardinagem,fixo,4.0,175.31,71.96,média,baixa,8,4.47,16.0,1,853.05
Conserto de torneira,Hidráulica,m2,2.0,79.87,102.18,média,média,1,5.0,0.1,1,284.9
Pintura de parede,Pintura,unidade,5.0,5.0,37.68,baixa,baixa,19,4.21,7.8,1,65.78
Instalação de piso laminado,Pisos,m2,3.0,50.08,24.0,média,alta,14,4.0,10.0,1,216.86
Montagem de móveis,Marcenaria,fixo,4.0,192.51,151.45,alta,baixa,11,4.26,9.5,1,1056.78
Pintura de parede,Pintura,fixo,3.0,84.07,0.0,baixa,alta,16,4.33,5.2,0,259.66
Conserto de telhado,Telhados,unidade,1.0,43.93,2006.24,média,baixa,19,4.23,14.1,0,2124.62
Pintura de parede,Pintura,hora,3.0,5.0,0.0,baixa,média,8,4.31,12.4,1,16.06
Dedetização,Dedetização,fixo,1.0,46.37,16.3,média,baixa,1,3.64,19.2,0,66.57
Pintura de parede,Pintura,m2,3.0,59.75,0.0,média,alta,20,4.09,4.4,1,199.6
Montagem de móveis,Marcenaria,m2,3.0,93.35,101.77,alta,média,13,4.05,5.1,1,401.83
Conserto de telhado,Telhados,unidade,3.0,42.37,2487.48,alta,média,20,4.45,10.5,0,2817.89
Jardinagem básica,Jardinagem,unidade,2.0,55.6,29.23,alta,baixa,12,4.85,14.3,1,164.47
Conserto de telhado,Telhados,m2,2.0,37.05,3273.32,baixa,alta,3,3.57,15.9,0,3353.9
Instalação de ar-condicionado,Climatização,hora,2.0,41.94,473.53,alta,média,2,4.08,4.3,1,667.79
Montagem de móveis,Marcenaria,m2,2.0,137.26,397.65,média,alta,11,4.39,4.8,1,812.58
Conserto de telhado,Telhados,m2,5.0,72.65,2071.35,média,alta,6,4.32,13.0,1,2471.38
Instalação de tomada,Elétrica,unidade,2.0,158.95,0.0,baixa,alta,8,4.92,11.5,0,387.17
Limpeza pós-obra,Limpeza,m2,4.0,5.0,0.0,alta,alta,20,3.59,5.9,0,22.81
Jardinagem básica,Jardinagem,m2,3.0,200.68,0.0,baixa,média,16,5.0,21.6,0,736.05
Conserto de telhado,Telhados,m2,5.0,27.87,2786.12,baixa,baixa,3,4.3,8.9,1,3732.92
Jardinagem básica,Jardinagem,unidade,3.0,115.78,4.82,baixa,média,17,4.41,10.5,0,385.6
Conserto de telhado,Telhados,unidade,5.0,66.03,4467.73,baixa,média,20,4.37,4.4,1,5292.73
Montagem de móveis,Marcenaria,fixo,2.0,116.33,186.48,média,baixa,2,4.63,10.0,1,424.0
Pintura de parede,Pintura,fixo,3.0,87.39,0.0,baixa,média,20,4.23,7.8,1,270.34
Pintura de parede,Pintura,m2,2.0,15.93,66.92,alta,média,16,3.75,11.9,0,102.78
Limpeza pós-obra,Limpeza,hora,2.0,51.89,108.62,baixa,alta,0,4.05,10.0,1,253.02
Instalação de ar-condicionado,Climatização,m2,2.0,192.97,0.0,baixa,alta,6,4.67,10.4,0,463.77
Montagem de móveis,Marcenaria,unidade,2.0,192.5,1.28,média,alta,19,4.62,7.5,0,479.97
Instalação de tomada,Elétrica,unidade,5.0,128.43,166.32,baixa,baixa,16,4.71,10.5,1,959.22
Instalação de piso laminado,Pisos,hora,2.0,36.99,1837.54,alta,média,0,4.71,14.5,1,2365.11
Instalação de tomada,Elétrica,unidade,4.0,180.91,21.88,alta,média,7,3.87,7.2,1,828.16
Conserto de torneira,Hidráulica,unidade,6.0,68.24,178.89,baixa,média,13,4.2,4.1,1,682.09
Conserto de torneira,Hidráulica,fixo,5.0,92.47,158.43,baixa,alta,7,4.85,15.0,1,667.56
Instalação de tomada,Elétrica,fixo,1.0,148.15,0.0,média,baixa,7,3.61,13.6,1,168.97
Instalação de tomada,Elétrica,m2,3.0,187.26,231.03,baixa,média,7,3.99,9.5,1,984.07
Instalação de piso laminado,Pisos,m2,3.0,62.94,1694.19,alta,alta,9,4.38,9.1,0,1998.24
Jardinagem básica,Jardinagem,m2,2.0,127.26,13.11,alta,baixa,10,4.99,9.2,0,268.07
Conserto de torneira,Hidráulica,fixo,2.0,104.15,94.05,média,alta,19,4.83,4.7,1,382.39
Instalação de piso laminado,Pisos,unidade,2.0,94.57,363.74,média,média,13,4.84,2.8,1,634.45
Conserto de torneira,Hidráulica,unidade,4.0,82.41,37.93,média,alta,3,4.36,5.2,0,418.39
Instalação de piso laminado,Pisos,fixo,2.0,74.62,2523.12,alta,média,13,4.49,4.3,1,2704.17
Dedetização,Dedetização,fixo,2.0,53.76,9.34,média,média,10,4.36,9.7,1,129.32
Limpeza pós-obra,Limpeza,hora,5.0,68.89,41.82,alta,baixa,0,4.47,4.1,0,495.38
Pintura de parede,Pintura,unidade,2.0,5.0,24.98,baixa,média,12,4.45,9.7,0,36.6
Limpeza pós-obra,Limpeza,m2,3.0,5.0,14.74,média,média,6,4.62,5.6,0,36.39
Pintura de parede,Pintura,unidade,6.0,10.8,0.0,média,baixa,0,3.93,11.3,0,67.21
Conserto de torneira,Hidráulica,unidade,1.0,72.98,125.98,alta,baixa,15,4.89,0.3,1,228.78
Limpeza pós-obra,Limpeza,m2,6.0,5.0,0.0,baixa,média,20,4.3,5.2,1,32.94
Dedetização,Dedetização,m2,4.0,120.75,62.51,alta,média,3,5.0,10.6,1,559.11
Limpeza pós-obra,Limpeza,fixo,3.0,28.64,0.0,média,média,8,4.27,5.8,1,85.43
Instalação de piso laminado,Pisos,fixo,4.0,81.45,0.0,baixa,baixa,8,4.81,9.5,1,346.56
Limpeza pós-obra,Limpeza,unidade,3.0,40.24,34.49,baixa,média,11,4.72,6.6,1,175.31
Conserto de torneira,Hidráulica,unidade,5.0,61.06,208.49,média,alta,18,4.93,11.0,1,560.03
Instalação de tomada,Elétrica,unidade,1.0,95.66,98.04,média,alta,16,4.21,12.3,1,225.43
Instalação de piso laminado,Pisos,m2,1.0,66.31,2510.89,média,alta,6,4.78,11.7,0,2844.88
Conserto de torneira,Hidráulica,m2,2.0,79.29,104.6,alta,alta,10,4.54,15.4,1,299.77
Dedetização,Dedetização,fixo,1.0,95.1,0.0,alta,média,17,4.55,8.6,0,100.81
Montagem de móveis,Marcenaria,hora,1.0,72.83,295.31,alta,baixa,8,4.14,3.5,0,426.73
Jardinagem básica,Jardinagem,unidade,5.0,6.9,0.0,baixa,média,10,3.99,15.4,0,38.66
Montagem de móveis,Marcenaria,fixo,5.0,193.23,353.21,baixa,média,0,4.03,9.5,0,1376.92
Jardinagem básica,Jardinagem,hora,4.0,5.0,34.53,baixa,média,7,4.49,5.6,0,59.13
Limpeza pós-obra,Limpeza,fixo,2.0,5.0,22.22,baixa,média,5,3.97,8.2,0,33.32
Montagem de móveis,Marcenaria,fixo,6.0,31.06,131.46,média,baixa,18,4.9,10.8,1,322.66
Pintura de parede,Pintura,fixo,1.0,5.0,49.02,média,alta,1,4.16,6.0,1,55.35
Conserto de telhado,Telhados,unidade,3.0,88.63,0.0,alta,alta,3,3.9,11.5,1,285.54
Pintura de parede,Pintura,hora,4.0,29.02,0.0,baixa,baixa,7,4.0,10.3,0,147.21
Instalação de tomada,Elétrica,fixo,2.0,132.56,75.3,alta,baixa,7,4.05,6.9,1,414.6
Instalação de tomada,Elétrica,m2,2.0,78.81,113.41,média,alta,9,5.0,13.7,1,295.94
Montagem de móveis,Marcenaria,unidade,2.0,102.68,315.75,média,alta,10,4.59,7.3,1,594.94
Limpeza pós-obra,Limpeza,m2,1.0,15.03,101.62,média,baixa,16,4.39,6.3,1,133.32
Dedetização,Dedetização,hora,6.0,140.96,15.57,alta,média,0,4.38,13.6,1,1017.18
Jardinagem básica,Jardinagem,hora,4.0,114.89,9.83,baixa,alta,14,4.6,4.5,0,459.53
Jardinagem básica,Jardinagem,m2,1.0,5.0,73.41,baixa,média,14,4.33,12.2,0,95.61
Conserto de torneira,Hidráulica,m2,2.0,90.16,230.26,alta,média,17,4.72,6.5,0,427.81
Conserto de telhado,Telhados,hora,6.0,52.45,0.0,alta,alta,10,4.57,11.7,1,363.35
Instalação de ar-condicionado,Climatização,m2,1.0,95.37,461.6,baixa,média,14,5.0,11.9,0,658.4
Limpeza pós-obra,Limpeza,fixo,3.0,5.0,0.53,baixa,alta,7,4.1,5.0,0,17.85
Conserto de telhado,Telhados,hora,1.0,74.46,1911.92,média,média,5,4.66,16.4,1,2362.14
Limpeza pós-obra,Limpeza,fixo,2.0,60.58,62.28,média,baixa,18,3.47,6.6,0,212.08
Montagem de móveis,Marcenaria,unidade,2.0,127.16,149.93,média,alta,13,3.51,6.9,1,512.09
Instalação de ar-condicionado,Climatização,unidade,4.0,213.06,887.5,alta,alta,15,4.47,13.1,0,1910.91
Conserto de telhado,Telhados,m2,4.0,77.05,1512.02,média,baixa,3,4.7,17.2,1,1945.81
Jardinagem básica,Jardinagem,hora,4.0,79.53,0.0,alta,média,11,4.6,8.0,0,359.51
Instalação de tomada,Elétrica,fixo,2.0,132.75,0.0,média,alta,19,4.72,10.8,0,306.22
Limpeza pós-obra,Limpeza,unidade,3.0,31.34,27.35,média,média,7,4.37,13.0,1,134.48
Conserto de torneira,Hidráulica,hora,4.0,91.42,93.53,média,média,8,3.93,10.3,0,484.64
Instalação de ar-condicionado,Climatização,unidade,1.0,177.09,34.79,média,média,5,4.67,3.3,0,219.49
Conserto de torneira,Hidráulica,unidade,2.0,110.91,33.32,baixa,média,19,3.97,7.1,1,267.07
Conserto de torneira,Hidráulica,unidade,3.0,55.42,111.26,baixa,alta,8,4.79,6.6,0,343.74
Conserto de torneira,Hidráulica,m2,2.0,63.31,85.86,baixa,alta,13,3.87,16.3,0,245.71
Instalação de tomada,Elétrica,fixo,1.0,114.54,85.96,alta,alta,15,4.13,12.0,1,245.66
Montagem de móveis,Marcenaria,fixo,5.0,121.17,235.97,alta,alta,3,4.27,9.6,1,932.48
Dedetização,Dedetização,m2,4.0,226.28,39.97,baixa,alta,18,5.0,17.3,1,1067.7
Instalação de piso laminado,Pisos,m2,1.0,63.51,1346.11,média,alta,20,3.99,9.9,1,1791.54
Jardinagem básica,Jardinagem,unidade,5.0,19.72,20.2,baixa,baixa,10,4.56,4.9,0,132.47
Instalação de ar-condicionado,Climatização,m2,2.0,196.79,1165.31,alta,alta,19,4.37,10.4,1,1725.79
Conserto de telhado,Telhados,m2,2.0,59.67,4651.7,baixa,alta,8,4.11,20.8,0,5581.25
Pintura de parede,Pintura,fixo,3.0,19.57,14.06,média,alta,13,4.88,4.1,0,77.99
Jardinagem básica,Jardinagem,unidade,5.0,5.0,0.0,baixa,alta,14,3.84,19.6,0,31.35
Instalação de tomada,Elétrica,m2,1.0,152.27,213.88,média,média,4,3.96,16.8,1,412.33
Instalação de ar-condicionado,Climatização,hora,4.0,77.9,682.08,alta,média,7,4.38,6.7,1,1146.9
Instalação de ar-condicionado,Climatização,hora,2.0,278.97,1669.49,média,baixa,17,4.41,11.2,1,2768.18
Instalação de ar-condicionado,Climatização,fixo,8.0,405.85,540.42,média,baixa,0,3.79,10.6,1,4212.07
Instalação de ar-condicionado,Climatização,unidade,1.0,181.87,0.0,alta,média,16,5.0,0.1,0,187.43
Jardinagem básica,Jardinagem,hora,2.0,129.47,4.45,média,média,4,4.37,5.6,0,270.8
Jardinagem básica,Jardinagem,fixo,5.0,5.0,0.0,alta,média,8,4.46,13.5,1,30.15
Limpeza pós-obra,Limpeza,fixo,3.0,139.93,62.1,alta,média,4,4.95,2.3,1,559.28
Conserto de torneira,Hidráulica,m2,2.0,65.34,123.03,baixa,baixa,16,4.4,11.3,0,277.08
Instalação de ar-condicionado,Climatização,hora,1.0,565.11,412.24,baixa,baixa,8,3.83,0.1,0,1107.02
Limpeza pós-obra,Limpeza,fixo,6.0,127.0,36.96,média,baixa,12,4.9,9.8,1,927.67
Jardinagem básica,Jardinagem,fixo,2.0,33.06,0.0,média,alta,7,4.45,16.1,1,82.59
Montagem de móveis,Marcenaria,m2,4.0,111.87,102.04,baixa,alta,5,4.6,12.1,1,625.14
Conserto de torneira,Hidráulica,fixo,3.0,81.54,144.44,média,média,3,4.56,9.5,0,416.27
Instalação de piso laminado,Pisos,m2,1.0,62.03,2727.93,alta,baixa,12,4.55,5.6,1,3059.81
Dedetização,Dedetização,unidade,4.0,72.69,22.56,baixa,alta,8,3.98,16.1,1,411.8
Instalação de piso laminado,Pisos,unidade,3.0,62.65,939.88,alta,alta,3,4.59,0.1,0,1294.35
Limpeza pós-obra,Limpeza,hora,3.0,34.58,10.23,alta,média,3,4.58,5.9,1,139.39
Conserto de torneira,Hidráulica,unidade,4.0,90.43,189.89,baixa,alta,9,3.93,9.5,0,612.74
Instalação de tomada,Elétrica,fixo,3.0,77.95,132.68,média,baixa,1,5.0,11.8,0,452.3
Instalação de piso laminado,Pisos,hora,2.0,49.11,3150.73,baixa,baixa,10,4.25,6.4,0,3832.28
Conserto de telhado,Telhados,m2,2.0,46.79,2165.76,alta,média,5,4.35,15.9,1,2551.09
Limpeza pós-obra,Limpeza,m2,3.0,86.51,20.34,baixa,média,8,3.92,9.2,0,289.17
Montagem de móveis,Marcenaria,unidade,3.0,78.52,225.45,média,alta,10,4.19,2.0,0,535.38
Instalação de piso laminado,Pisos,unidade,5.0,56.1,1828.28,alta,baixa,6,4.89,7.1,0,2463.73
Conserto de telhado,Telhados,unidade,3.0,61.03,3932.21,alta,alta,10,4.79,13.3,1,4874.84
Jardinagem básica,Jardinagem,hora,1.0,71.15,3.24,baixa,baixa,17,4.46,11.7,1,77.91
Pintura de parede,Pintura,unidade,1.0,87.27,15.01,média,média,17,4.56,4.9,1,123.29
Conserto de telhado,Telhados,fixo,2.0,74.28,0.0,alta,alta,5,3.32,17.7,0,163.91
Instalação de ar-condicionado,Climatização,fixo,3.0,319.08,1443.17,baixa,alta,16,4.91,5.4,1,3045.21
Dedetização,Dedetização,hora,4.0,249.01,0.0,média,baixa,18,3.6,10.3,0,1199.41
Pintura de parede,Pintura,m2,2.0,12.02,84.04,média,baixa,19,4.06,11.1,0,130.95
Dedetização,Dedetização,hora,4.0,135.17,0.0,alta,alta,1,4.79,15.5,1,639.73
Montagem de móveis,Marcenaria,unidade,3.0,9.36,297.33,alta,média,2,3.87,6.9,1,404.15
Pintura de parede,Pintura,fixo,2.0,12.26,79.75,média,baixa,16,4.23,5.7,1,127.72
Limpeza pós-obra,Limpeza,fixo,4.0,5.0,0.0,baixa,alta,19,4.64,6.1,0,24.79
Conserto de telhado,Telhados,fixo,6.0,71.06,6212.07,média,média,10,4.47,14.4,0,6599.51
Conserto de torneira,Hidráulica,m2,3.0,67.53,206.78,média,baixa,6,4.43,6.7,0,418.15
Dedetização,Dedetização,fixo,3.0,178.09,77.53,alta,baixa,11,3.79,18.7,0,636.15
Pintura de parede,Pintura,hora,2.0,43.61,49.84,baixa,baixa,6,5.0,7.1,1,146.27
Conserto de telhado,Telhados,fixo,2.0,81.29,2230.15,alta,alta,11,5.0,19.5,1,2705.1
Jardinagem básica,Jardinagem,unidade,6.0,121.83,0.0,média,alta,15,4.06,23.4,0,769.2
Jardinagem básica,Jardinagem,m2,3.0,86.86,34.95,alta,alta,5,5.0,16.4,0,312.23
Instalação de ar-condicionado,Climatização,m2,1.0,174.69,765.43,baixa,alta,7,3.54,5.5,0,1013.81
Jardinagem básica,Jardinagem,m2,5.0,33.71,0.0,alta,média,5,5.0,3.9,0,183.25
Conserto de telhado,Telhados,unidade,2.0,73.7,329.91,alta,baixa,8,4.02,20.7,1,505.84
Instalação de ar-condicionado,Climatização,unidade,2.0,590.17,0.0,média,média,15,4.18,2.1,0,1408.62
Limpeza pós-obra,Limpeza,m2,5.0,30.65,30.45,alta,média,6,4.82,8.3,0,204.45
Conserto de telhado,Telhados,unidade,2.0,54.84,1732.02,alta,baixa,16,4.05,17.3,0,1951.89
Jardinagem básica,Jardinagem,hora,3.0,29.21,1.16,alta,baixa,12,4.16,14.8,1,106.11
Instalação de piso laminado,Pisos,hora,2.0,83.71,1843.48,média,baixa,9,4.9,12.9,0,2374.3
Montagem de móveis,Marcenaria,unidade,1.0,53.4,114.12,baixa,média,16,4.01,6.8,1,182.49
Conserto de torneira,Hidráulica,hora,4.0,75.96,84.37,média,baixa,5,4.72,4.2,0,464.99
Pintura de parede,Pintura,unidade,2.0,28.21,57.07,alta,alta,3,3.52,11.7,0,128.95
Instalação de piso laminado,Pisos,m2,2.0,50.2,460.48,alta,média,2,4.05,13.3,0,673.72
Jardinagem básica,Jardinagem,hora,3.0,49.2,0.0,alta,alta,6,5.0,5.4,1,150.11
Instalação de ar-condicionado,Climatização,unidade,4.0,174.89,1815.94,média,média,4,4.29,0.1,0,2905.39
Limpeza pós-obra,Limpeza,m2,3.0,76.63,0.0,alta,baixa,13,3.24,8.9,1,239.27
Dedetização,Dedetização,m2,3.0,75.15,0.0,baixa,alta,18,3.33,11.8,1,230.09
Limpeza pós-obra,Limpeza,unidade,2.0,9.63,40.41,alta,alta,8,5.0,6.4,0,63.51
Montagem de móveis,Marcenaria,fixo,3.0,249.76,310.31,baixa,baixa,11,4.41,8.0,0,1343.16
Instalação de tomada,Elétrica,hora,3.0,127.47,0.0,baixa,média,7,4.13,6.7,1,419.7
Jardinagem básica,Jardinagem,fixo,1.0,178.64,25.42,baixa,baixa,16,5.0,12.6,1,211.14
Instalação de piso laminado,Pisos,fixo,3.0,83.48,0.0,média,média,4,4.9,8.2,0,276.07
Instalação de piso laminado,Pisos,m2,2.0,40.5,1912.24,média,alta,4,5.0,3.0,0,2170.16
Instalação de piso laminado,Pisos,m2,3.0,61.39,2753.1,média,baixa,17,4.63,0.1,1,3518.25
Instalação de ar-condicionado,Climatização,fixo,2.0,222.57,0.0,alta,alta,5,4.53,8.3,0,515.58
Montagem de móveis,Marcenaria,m2,2.0,161.36,107.17,baixa,baixa,2,4.72,7.1,0,490.58
Conserto de torneira,Hidráulica,unidade,2.0,87.01,80.97,baixa,alta,10,4.6,12.8,1,295.2
Pintura de parede,Pintura,unidade,4.0,61.22,62.87,alta,alta,1,4.14,9.4,1,337.56
Jardinagem básica,Jardinagem,hora,1.0,79.45,23.48,alta,baixa,7,4.32,3.1,1,126.1
Instalação de ar-condicionado,Climatização,unidade,3.0,81.96,455.43,alta,alta,9,3.56,18.5,1,729.62
Instalação de tomada,Elétrica,hora,2.0,129.4,107.78,alta,baixa,0,4.4,9.6,1,397.14
Instalação de tomada,Elétrica,m2,2.0,140.66,100.63,baixa,média,13,4.74,8.3,1,448.95
Pintura de parede,Pintura,unidade,1.0,5.0,140.56,média,baixa,5,4.74,1.4,1,152.55
Montagem de móveis,Marcenaria,unidade,4.0,101.17,238.24,baixa,baixa,17,4.12,7.7,1,668.63
Pintura de parede,Pintura,fixo,3.0,5.0,58.73,baixa,baixa,5,4.9,7.0,1,90.27
Conserto de torneira,Hidráulica,fixo,3.0,86.06,123.05,baixa,baixa,9,4.34,16.3,1,391.8
Montagem de móveis,Marcenaria,fixo,3.0,187.02,54.61,alta,média,0,4.66,10.4,0,666.58
Pintura de parede,Pintura,unidade,3.0,5.0,44.69,alta,alta,3,4.03,6.8,0,61.43
Montagem de móveis,Marcenaria,hora,3.0,84.64,150.52,alta,alta,6,3.95,4.7,0,464.97
Dedetização,Dedetização,unidade,3.0,70.51,75.51,média,média,4,4.6,6.6,0,327.65
Instalação de piso laminado,Pisos,hora,4.0,31.82,3198.97,baixa,média,7,5.0,8.4,1,3809.21
Limpeza pós-obra,Limpeza,m2,2.0,22.5,8.47,média,média,12,4.03,8.0,0,54.95
Instalação de ar-condicionado,Climatização,hora,3.0,128.5,526.23,baixa,alta,1,4.67,11.9,1,1015.13
Instalação de ar-condicionado,Climatização,hora,4.0,238.54,0.0,média,média,16,5.0,1.4,0,1049.55
Instalação de piso laminado,Pisos,hora,1.0,57.9,1137.78,média,alta,2,5.0,9.5,0,1357.94
Montagem de móveis,Marcenaria,fixo,5.0,172.79,204.95,baixa,baixa,12,4.41,9.8,1,1294.55
Instalação de tomada,Elétrica,unidade,2.0,57.83,156.38,média,média,17,5.0,6.1,0,336.15
Instalação de piso laminado,Pisos,fixo,2.0,78.63,862.87,baixa,média,0,4.77,10.0,1,1058.34
Montagem de móveis,Marcenaria,hora,3.0,134.63,214.03,baixa,média,8,4.42,9.6,0,738.71
Conserto de telhado,Telhados,m2,2.0,40.07,2722.21,baixa,média,10,3.92,12.5,0,2883.37
Conserto de torneira,Hidráulica,m2,2.0,65.73,147.78,média,alta,12,4.21,4.2,0,321.72
Dedetização,Dedetização,hora,2.0,16.82,38.71,média,alta,3,4.64,35.3,0,78.46
Jardinagem básica,Jardinagem,unidade,5.0,152.12,0.0,alta,baixa,6,4.56,11.0,0,825.16
Instalação de ar-condicionado,Climatização,m2,4.0,208.36,1247.14,baixa,alta,19,2.65,9.4,1,2473.39
Pintura de parede,Pintura,m2,1.0,24.34,129.38,alta,média,0,4.07,9.5,0,175.23
Instalação de piso laminado,Pisos,m2,5.0,65.67,1339.1,alta,média,1,4.39,6.1,0,1702.81
Dedetização,Dedetização,m2,1.0,137.95,85.86,média,média,0,4.18,7.9,0,278.03
Instalação de piso laminado,Pisos,m2,3.0,72.99,2335.0,baixa,alta,1,4.7,9.5,0,2984.11
Dedetização,Dedetização,m2,4.0,30.92,0.0,baixa,média,16,3.93,4.0,0,146.73
Pintura de parede,Pintura,unidade,1.0,5.0,62.92,alta,baixa,20,4.52,11.4,0,69.36
Montagem de móveis,Marcenaria,fixo,4.0,50.75,80.1,média,alta,20,4.08,8.7,0,332.78
Limpeza pós-obra,Limpeza,unidade,4.0,131.21,6.59,baixa,alta,20,4.45,2.6,1,668.02
Jardinagem básica,Jardinagem,fixo,4.0,65.18,0.0,média,alta,20,4.48,13.2,0,320.34
Conserto de telhado,Telhados,fixo,3.0,64.47,1647.82,média,baixa,16,4.77,8.3,1,2012.57
Pintura de parede,Pintura,hora,3.0,76.45,93.26,média,alta,17,3.71,7.2,1,387.5
Jardinagem básica,Jardinagem,fixo,1.0,102.12,2.44,alta,alta,19,4.79,11.5,1,132.11
Jardinagem básica,Jardinagem,hora,4.0,63.94,45.31,baixa,alta,9,4.91,12.7,1,320.24
Instalação de tomada,Elétrica,fixo,2.0,118.48,82.93,baixa,baixa,13,4.85,9.8,0,348.88
Pintura de parede,Pintura,hora,4.0,5.0,36.43,média,média,10,4.0,11.4,0,62.12
Instalação de ar-condicionado,Climatização,hora,3.0,39.85,527.71,baixa,alta,0,4.69,8.0,1,808.83
Montagem de móveis,Marcenaria,unidade,1.0,274.48,187.78,baixa,alta,6,3.78,5.9,0,522.98
Pintura de parede,Pintura,hora,3.0,5.0,63.35,média,alta,4,4.23,4.9,0,86.87
Jardinagem básica,Jardinagem,m2,3.0,49.49,29.21,alta,baixa,8,4.45,15.2,0,219.8
Montagem de móveis,Marcenaria,unidade,1.0,65.15,238.98,média,alta,16,4.43,7.4,0,346.16
Conserto de torneira,Hidráulica,unidade,1.0,78.02,126.94,baixa,baixa,15,3.77,18.9,1,217.63
Conserto de torneira,Hidráulica,m2,3.0,103.87,125.3,baixa,baixa,10,4.01,11.1,1,462.41
Dedetização,Dedetização,unidade,3.0,5.0,0.0,média,média,13,4.97,3.7,1,17.58
Conserto de torneira,Hidráulica,hora,2.0,80.21,13.78,baixa,alta,18,4.33,17.0,0,176.6
Montagem de móveis,Marcenaria,hora,2.0,167.2,347.0,alta,alta,13,4.68,9.6,1,841.69
Instalação de ar-condicionado,Climatização,m2,3.0,246.1,245.85,baixa,média,18,3.38,8.3,1,1138.22
Instalação de ar-condicionado,Climatização,m2,1.0,146.88,945.03,média,alta,2,3.85,0.1,0,1253.65
Limpeza pós-obra,Limpeza,m2,2.0,44.41,118.95,alta,baixa,10,4.03,5.5,1,229.47
Jardinagem básica,Jardinagem,m2,1.0,141.96,32.38,alta,baixa,0,5.0,12.5,0,187.35
Pintura de parede,Pintura,fixo,2.0,39.22,32.61,baixa,baixa,19,3.88,6.3,1,117.23
Instalação de piso laminado,Pisos,fixo,3.0,67.5,562.26,alta,baixa,14,4.3,8.2,0,784.67
Conserto de telhado,Telhados,hora,4.0,41.12,2896.43,baixa,alta,17,5.0,11.7,0,3480.88
Instalação de piso laminado,Pisos,m2,3.0,53.0,1017.21,alta,alta,14,4.01,7.7,1,1246.16
Conserto de telhado,Telhados,unidade,4.0,53.15,2958.81,baixa,alta,8,4.51,16.0,0,3240.12
Conserto de telhado,Telhados,fixo,6.0,59.81,426.17,média,baixa,7,5.0,11.4,1,804.18
Instalação de ar-condicionado,Climatização,unidade,1.0,311.85,172.93,alta,média,19,4.7,3.4,1,540.72
Montagem de móveis,Marcenaria,hora,3.0,240.85,373.66,alta,baixa,16,5.0,6.5,1,1293.21
Conserto de torneira,Hidráulica,unidade,3.0,90.18,135.45,alta,média,15,4.37,13.7,1,409.55
Instalação de ar-condicionado,Climatização,m2,4.0,357.59,597.93,alta,alta,9,4.88,6.3,1,2109.48
Instalação de tomada,Elétrica,hora,4.0,144.16,46.87,baixa,alta,16,3.57,9.0,0,637.9
Instalação de ar-condicionado,Climatização,fixo,4.0,206.88,1091.22,média,média,15,4.31,5.5,1,2447.87
Conserto de torneira,Hidráulica,hora,3.0,91.81,193.54,média,média,5,3.79,6.7,0,545.85
Conserto de telhado,Telhados,fixo,2.0,30.21,2339.6,alta,média,14,3.51,17.4,0,2989.6
Limpeza pós-obra,Limpeza,fixo,3.0,40.94,0.0,alta,baixa,11,4.41,7.8,0,132.52
Jardinagem básica,Jardinagem,unidade,4.0,5.0,22.73,média,média,19,4.35,12.3,0,47.58
Instalação de piso laminado,Pisos,unidade,3.0,74.61,1364.67,média,alta,14,4.77,0.6,1,1853.56
Limpeza pós-obra,Limpeza,m2,4.0,28.27,34.02,média,alta,13,5.0,3.7,1,166.06
Instalação de piso laminado,Pisos,fixo,4.0,86.01,3771.17,alta,alta,7,4.83,5.5,1,4487.97
Instalação de tomada,Elétrica,hora,3.0,126.9,62.98,baixa,média,20,4.75,7.5,1,551.3
Montagem de móveis,Marcenaria,unidade,2.0,98.61,165.25,alta,média,4,4.47,9.0,1,435.7
Instalação de piso laminado,Pisos,hora,3.0,56.78,3150.47,baixa,média,17,4.3,11.3,1,3572.99
Instalação de tomada,Elétrica,fixo,4.0,157.77,245.9,alta,alta,2,4.93,11.1,1,915.61
Limpeza pós-obra,Limpeza,m2,7.0,69.53,22.9,baixa,alta,8,4.28,5.5,1,577.53
Instalação de tomada,Elétrica,m2,5.0,127.61,86.74,alta,média,10,4.38,12.0,0,871.99
Conserto de telhado,Telhados,m2,1.0,57.08,1490.62,baixa,alta,10,4.61,21.7,0,1776.69
Conserto de telhado,Telhados,unidade,2.0,45.13,3609.66,alta,média,13,4.23,18.9,1,4321.45
Instalação de tomada,Elétrica,m2,3.0,137.98,0.33,alta,alta,11,4.8,8.9,0,462.65
Dedetização,Dedetização,hora,4.0,245.59,5.95,baixa,baixa,4,4.71,0.1,0,1127.84
Limpeza pós-obra,Limpeza,fixo,2.0,111.12,56.65,baixa,média,19,4.12,3.9,0,290.99
Instalação de piso laminado,Pisos,unidade,1.0,67.86,2209.51,alta,média,19,4.63,6.4,1,2626.36
Instalação de ar-condicionado,Climatização,unidade,6.0,55.4,699.87,alta,média,19,4.42,10.6,1,1159.4
Montagem de móveis,Marcenaria,unidade,3.0,225.89,233.13,média,média,8,3.83,10.4,0,933.57
Montagem de móveis,Marcenaria,hora,4.0,219.26,171.41,alta,média,2,4.95,10.1,1,1280.52
Conserto de telhado,Telhados,fixo,2.0,65.86,1398.5,média,alta,12,4.59,13.2,0,1819.72
Instalação de piso laminado,Pisos,fixo,3.0,56.36,0.0,alta,alta,14,4.92,4.8,0,179.57
Instalação de tomada,Elétrica,unidade,3.0,173.29,106.3,baixa,média,18,4.55,4.5,1,714.98
Conserto de torneira,Hidráulica,m2,2.0,95.22,208.53,alta,baixa,19,4.25,10.1,0,474.29
Pintura de parede,Pintura,m2,3.0,61.98,99.96,alta,baixa,19,4.41,7.3,0,358.63
Pintura de parede,Pintura,hora,4.0,59.95,83.38,alta,média,20,3.99,6.6,1,380.72
Pintura de parede,Pintura,fixo,5.0,33.52,66.64,baixa,média,5,3.65,5.5,0,282.56
Instalação de piso laminado,Pisos,m2,3.0,84.95,47.81,alta,baixa,4,4.86,6.3,0,304.66
Conserto de torneira,Hidráulica,m2,4.0,97.23,32.17,baixa,média,20,4.62,14.2,0,453.02
Limpeza pós-obra,Limpeza,hora,2.0,47.63,7.94,baixa,média,5,4.11,10.6,0,110.66
Limpeza pós-obra,Limpeza,m2,4.0,19.69,108.76,alta,média,8,4.55,4.7,0,192.07
Conserto de telhado,Telhados,fixo,2.0,17.63,5806.33,baixa,média,8,4.72,9.4,1,6961.81
Jardinagem básica,Jardinagem,m2,2.0,5.0,20.38,média,média,3,4.47,11.3,0,34.39
Montagem de móveis,Marcenaria,m2,5.0,132.34,28.75,baixa,baixa,13,4.37,9.3,0,894.97
Conserto de telhado,Telhados,m2,2.0,61.95,6019.12,alta,média,20,4.11,0.1,0,7183.46
Conserto de torneira,Hidráulica,fixo,2.0,111.36,64.48,baixa,alta,0,4.01,7.7,1,301.86
Jardinagem básica,Jardinagem,m2,2.0,61.88,46.39,alta,média,12,4.67,1.9,0,199.22
Conserto de torneira,Hidráulica,m2,2.0,112.95,61.95,média,média,13,4.01,13.0,0,307.48
Instalação de tomada,Elétrica,m2,5.0,88.6,79.39,alta,baixa,0,4.25,13.2,0,613.49
Dedetização,Dedetização,fixo,5.0,46.71,51.69,baixa,baixa,15,4.56,23.8,0,379.95
Conserto de telhado,Telhados,fixo,3.0,68.82,77.61,baixa,média,9,5.0,18.5,0,349.38
Instalação de piso laminado,Pisos,fixo,3.0,49.18,1899.92,baixa,média,6,4.44,3.4,1,2006.77
Instalação de piso laminado,Pisos,m2,1.0,49.08,0.0,média,alta,11,4.92,4.3,1,60.77
Instalação de piso laminado,Pisos,fixo,5.0,45.41,2126.98,média,baixa,0,4.32,12.4,1,2477.81
Conserto de telhado,Telhados,m2,1.0,48.27,1962.05,média,alta,5,3.91,17.4,0,2311.42
Instalação de piso laminado,Pisos,hora,3.0,41.81,3103.38,alta,baixa,5,4.39,15.7,1,3448.99
Instalação de piso laminado,Pisos,hora,1.0,74.19,3443.65,média,alta,16,3.86,7.1,1,3795.37
Conserto de telhado,Telhados,unidade,4.0,42.78,3102.99,média,baixa,17,3.97,13.5,1,3978.9
Conserto de telhado,Telhados,unidade,1.0,81.99,2926.35,média,média,2,4.5,22.0,0,3310.31
Instalação de tomada,Elétrica,m2,2.0,84.63,176.86,baixa,baixa,10,4.27,14.2,1,411.85
Conserto de telhado,Telhados,unidade,5.0,61.1,1449.01,média,baixa,19,4.38,13.3,1,1752.22
Limpeza pós-obra,Limpeza,m2,3.0,28.34,0.0,alta,baixa,16,4.54,6.3,1,89.05
Instalação de tomada,Elétrica,fixo,1.0,33.27,0.0,baixa,média,19,3.87,3.8,1,36.73
Pintura de parede,Pintura,m2,3.0,61.79,174.65,baixa,média,15,4.61,6.9,1,362.46
Pintura de parede,Pintura,m2,2.0,12.14,92.78,alta,baixa,20,4.12,1.1,0,123.67
Instalação de tomada,Elétrica,fixo,3.0,88.63,252.65,média,alta,4,4.39,14.5,1,541.46
Limpeza pós-obra,Limpeza,m2,3.0,64.98,0.0,alta,média,19,5.0,0.3,0,205.08
Pintura de parede,Pintura,unidade,5.0,39.7,145.34,média,média,16,4.64,9.7,0,410.58
Dedetização,Dedetização,m2,4.0,177.3,22.35,baixa,baixa,8,4.16,16.6,0,805.15
Pintura de parede,Pintura,unidade,6.0,59.64,44.36,baixa,baixa,5,4.4,11.2,0,406.39
Limpeza pós-obra,Limpeza,m2,3.0,66.47,28.1,média,alta,1,5.0,6.1,1,285.17
Dedetização,Dedetização,m2,6.0,67.08,39.11,baixa,alta,13,4.16,0.1,0,481.31
Conserto de telhado,Telhados,m2,2.0,55.58,5150.13,média,média,19,3.23,21.7,1,6710.28
Conserto de telhado,Telhados,hora,4.0,37.2,1465.57,baixa,alta,14,4.72,15.0,0,1783.74
Pintura de parede,Pintura,hora,1.0,101.71,131.13,alta,alta,20,4.07,5.8,1,281.19
Conserto de torneira,Hidráulica,unidade,2.0,92.52,119.21,baixa,média,11,4.9,12.5,1,329.31
Conserto de telhado,Telhados,hora,5.0,64.17,302.7,média,média,12,4.7,13.4,0,682.27
Limpeza pós-obra,Limpeza,fixo,4.0,5.0,0.0,média,média,3,3.77,3.8,0,22.56
Limpeza pós-obra,Limpeza,fixo,3.0,39.41,0.0,média,média,4,4.09,4.2,1,157.88
Dedetização,Dedetização,fixo,3.0,158.69,16.77,baixa,baixa,7,4.31,20.5,1,542.64
Instalação de ar-condicionado,Climatização,fixo,2.0,236.06,1527.29,baixa,baixa,16,4.35,0.1,0,2459.36
Conserto de torneira,Hidráulica,fixo,2.0,69.93,121.58,baixa,média,14,3.58,9.9,0,292.51
Instalação de ar-condicionado,Climatização,hora,2.0,354.84,549.97,baixa,média,5,3.9,11.0,1,1357.08
Pintura de parede,Pintura,m2,3.0,33.89,88.65,média,baixa,7,4.48,7.3,0,190.25
Instalação de piso laminado,Pisos,unidade,1.0,43.62,0.0,alta,média,17,4.4,10.7,0,47.64
Jardinagem básica,Jardinagem,m2,4.0,151.28,0.0,alta,alta,13,4.79,5.0,0,674.56
Instalação de piso laminado,Pisos,fixo,4.0,57.96,987.17,baixa,média,10,5.0,1.1,1,1388.59
Pintura de parede,Pintura,unidade,3.0,5.0,76.35,baixa,média,5,3.93,7.5,0,101.33
Dedetização,Dedetização,hora,2.0,5.0,40.16,alta,baixa,5,3.75,23.9,0,57.77
Instalação de ar-condicionado,Climatização,fixo,4.0,115.68,1219.63,baixa,baixa,13,3.29,11.1,0,1915.67
Jardinagem básica,Jardinagem,hora,2.0,68.42,60.87,alta,baixa,6,4.6,11.8,0,210.19
Conserto de torneira,Hidráulica,hora,2.0,80.14,85.79,baixa,baixa,0,4.52,9.6,0,299.79
Conserto de telhado,Telhados,m2,3.0,57.21,3305.88,baixa,alta,12,4.53,8.3,1,4128.83
Conserto de torneira,Hidráulica,fixo,3.0,87.52,170.52,baixa,média,10,4.32,10.9,1,476.9
Jardinagem básica,Jardinagem,unidade,6.0,107.57,2.85,baixa,média,2,4.26,14.3,0,673.79
Pintura de parede,Pintura,hora,4.0,10.15,120.03,média,média,16,4.34,11.3,1,173.84
Instalação de piso laminado,Pisos,m2,5.0,54.85,0.0,média,média,16,4.61,0.1,0,299.26
Conserto de torneira,Hidráulica,m2,4.0,74.73,75.13,baixa,média,5,3.8,10.4,1,475.8
Pintura de parede,Pintura,unidade,2.0,32.69,155.13,baixa,baixa,15,5.0,9.7,0,268.2
Montagem de móveis,Marcenaria,fixo,1.0,129.57,227.18,alta,baixa,16,4.2,7.5,0,393.21
Limpeza pós-obra,Limpeza,unidade,6.0,25.98,0.0,média,baixa,8,5.0,8.9,1,171.14
Dedetização,Dedetização,unidade,1.0,95.94,91.47,média,baixa,8,4.38,24.6,0,244.48
Conserto de torneira,Hidráulica,m2,1.0,101.52,7.55,média,média,3,4.42,7.5,1,122.17
Montagem de móveis,Marcenaria,unidade,2.0,10.66,20.49,alta,baixa,7,4.51,9.3,1,47.17
Pintura de parede,Pintura,m2,2.0,64.46,146.99,baixa,baixa,5,4.3,8.2,0,292.4
Conserto de telhado,Telhados,fixo,2.0,64.14,33.23,baixa,média,19,4.7,15.2,1,167.86
Conserto de torneira,Hidráulica,unidade,4.0,92.88,106.42,alta,baixa,13,4.29,11.9,0,475.67
Instalação de ar-condicionado,Climatização,fixo,5.0,201.25,0.0,alta,média,13,3.54,0.1,1,1165.55
Pintura de parede,Pintura,hora,4.0,5.0,176.24,média,média,17,3.91,6.2,1,195.1
Instalação de piso laminado,Pisos,fixo,1.0,51.71,0.0,média,média,4,4.48,3.4,1,62.55
Dedetização,Dedetização,unidade,3.0,83.65,41.56,alta,média,15,4.55,1.5,0,326.32
Pintura de parede,Pintura,hora,2.0,46.97,40.65,baixa,média,13,3.98,10.6,1,139.13
Instalação de piso laminado,Pisos,hora,4.0,52.38,1553.72,alta,baixa,7,5.0,16.0,1,2148.78
Montagem de móveis,Marcenaria,hora,3.0,82.4,247.73,alta,baixa,18,4.61,9.1,0,514.79
Instalação de piso laminado,Pisos,unidade,3.0,36.22,1366.07,média,baixa,0,5.0,6.4,1,1752.7
Instalação de ar-condicionado,Climatização,unidade,7.0,132.41,0.0,baixa,média,7,4.23,0.1,1,1054.06
Conserto de torneira,Hidráulica,fixo,5.0,99.81,36.35,alta,baixa,16,4.49,14.6,1,629.08
Instalação de piso laminado,Pisos,unidade,5.0,69.78,0.0,média,alta,3,4.8,10.1,1,387.86
Jardinagem básica,Jardinagem,m2,1.0,23.75,77.2,baixa,média,16,4.92,14.4,1,110.68
Limpeza pós-obra,Limpeza,fixo,4.0,95.96,0.0,baixa,baixa,15,4.71,4.3,0,474.11
Conserto de telhado,Telhados,m2,3.0,75.62,4687.38,baixa,média,17,4.68,6.7,1,5612.68
Jardinagem básica,Jardinagem,fixo,4.0,88.53,28.8,baixa,alta,6,4.56,11.8,1,438.71
Instalação de tomada,Elétrica,m2,3.0,10.65,190.87,alta,alta,14,3.53,5.1,1,231.07
Montagem de móveis,Marcenaria,fixo,4.0,132.7,274.78,alta,média,4,4.5,7.4,0,973.78
Montagem de móveis,Marcenaria,unidade,2.0,247.33,79.93,baixa,média,17,4.24,8.2,0,672.6
Jardinagem básica,Jardinagem,unidade,3.0,82.17,7.71,alta,alta,19,4.7,10.4,1,239.32
Instalação de tomada,Elétrica,hora,2.0,161.46,195.43,média,alta,3,4.69,14.1,1,571.02
Instalação de tomada,Elétrica,fixo,8.0,116.2,30.22,alta,alta,3,4.73,7.9,0,1087.98
Montagem de móveis,Marcenaria,fixo,3.0,141.4,330.14,alta,média,9,4.08,3.8,0,771.91
Pintura de parede,Pintura,hora,1.0,32.64,82.49,alta,baixa,11,4.41,10.6,1,131.48
Dedetização,Dedetização,hora,2.0,130.52,110.98,média,média,6,3.24,5.6,1,419.91
Instalação de ar-condicionado,Climatização,m2,1.0,326.5,1935.62,alta,média,17,4.39,0.1,0,2384.79
Instalação de piso laminado,Pisos,hora,2.0,84.78,2409.96,média,baixa,20,4.16,6.1,1,2636.27
Instalação de ar-condicionado,Climatização,fixo,4.0,630.27,0.0,baixa,média,6,4.38,13.0,1,2951.29
Conserto de torneira,Hidráulica,unidade,5.0,105.78,92.43,baixa,média,3,3.98,11.9,1,676.69
Instalação de ar-condicionado,Climatização,hora,5.0,283.63,822.86,média,média,0,3.61,0.5,0,2495.38
Jardinagem básica,Jardinagem,unidade,2.0,19.41,9.09,baixa,média,19,4.7,9.7,0,59.96
Instalação de piso laminado,Pisos,fixo,3.0,76.72,3375.61,baixa,média,0,5.0,10.7,0,3830.86
Instalação de tomada,Elétrica,hora,2.0,187.56,42.44,alta,alta,3,4.21,4.1,0,524.86
Conserto de telhado,Telhados,unidade,2.0,46.22,5162.23,alta,alta,12,4.34,15.1,1,6418.43
Jardinagem básica,Jardinagem,m2,2.0,79.18,21.94,baixa,alta,8,4.34,10.7,0,212.18
Instalação de piso laminado,Pisos,m2,3.0,94.69,1188.35,alta,média,0,4.76,2.4,1,1444.69
Pintura de parede,Pintura,fixo,1.0,63.31,48.54,alta,alta,8,4.56,5.7,0,126.69
Instalação de ar-condicionado,Climatização,hora,4.0,5.0,373.89,média,alta,18,5.0,5.4,1,475.72
Instalação de tomada,Elétrica,m2,2.0,103.93,211.08,baixa,média,10,4.25,9.6,1,500.06
Dedetização,Dedetização,hora,3.0,75.23,38.39,baixa,média,5,5.0,11.1,1,323.47
Instalação de tomada,Elétrica,hora,2.0,132.98,169.12,média,baixa,6,4.88,9.4,1,434.14
Dedetização,Dedetização,m2,5.0,107.32,0.34,média,alta,0,3.21,12.5,0,580.55
Conserto de torneira,Hidráulica,fixo,2.0,103.4,134.6,média,baixa,8,4.13,14.9,1,377.55
Limpeza pós-obra,Limpeza,fixo,4.0,58.72,73.28,alta,alta,3,3.77,7.9,1,369.06
Instalação de tomada,Elétrica,hora,3.0,175.36,160.14,baixa,baixa,18,4.93,6.0,0,719.7
Instalação de ar-condicionado,Climatização,m2,4.0,182.17,0.0,baixa,alta,1,4.34,7.9,0,734.69
Dedetização,Dedetização,m2,2.0,47.67,20.65,alta,baixa,4,3.9,4.0,0,116.52
Pintura de parede,Pintura,m2,4.0,70.97,77.06,média,média,9,4.66,14.7,1,392.81
Instalação de tomada,Elétrica,unidade,1.0,55.65,178.86,alta,alta,3,4.88,10.6,1,265.94
Instalação de piso laminado,Pisos,hora,2.0,43.43,1205.35,média,baixa,1,4.47,6.5,0,1521.72
Limpeza pós-obra,Limpeza,fixo,2.0,68.64,18.37,média,alta,15,4.55,7.4,0,188.55
Jardinagem básica,Jardinagem,unidade,1.0,58.27,0.0,média,média,11,4.34,17.2,0,57.37
Instalação de ar-condicionado,Climatização,fixo,4.0,272.61,800.11,média,baixa,2,4.33,7.0,1,2223.23
Instalação de ar-condicionado,Climatização,hora,6.0,185.49,1135.61,média,alta,19,4.67,9.0,0,2790.39
Jardinagem básica,Jardinagem,unidade,4.0,75.75,0.0,alta,média,10,4.96,13.5,1,367.32
Montagem de móveis,Marcenaria,unidade,5.0,63.2,206.31,média,baixa,17,4.48,9.1,1,617.09
Instalação de ar-condicionado,Climatização,m2,2.0,333.13,1345.85,média,baixa,1,4.35,2.8,1,2471.71
Dedetização,Dedetização,m2,2.0,114.44,0.0,alta,média,19,3.15,16.7,1,230.16
Instalação de ar-condicionado,Climatização,hora,2.0,553.53,596.88,alta,alta,14,4.54,0.1,1,1783.92
Dedetização,Dedetização,hora,5.0,188.22,0.0,média,média,4,3.93,0.1,1,1029.56
Instalação de tomada,Elétrica,fixo,1.0,162.01,23.31,média,baixa,1,4.73,13.7,1,194.16
Dedetização,Dedetização,hora,2.0,57.88,103.57,baixa,média,18,4.88,16.2,1,300.6
Pintura de parede,Pintura,m2,5.0,5.0,21.18,média,baixa,1,4.97,8.1,1,49.32
Conserto de torneira,Hidráulica,m2,1.0,66.59,95.13,média,baixa,2,4.33,6.5,0,197.3
Instalação de ar-condicionado,Climatização,hora,4.0,140.42,574.86,baixa,média,13,4.9,12.3,0,1310.13
Limpeza pós-obra,Limpeza,unidade,4.0,70.82,62.67,alta,média,10,4.36,9.7,0,377.5
Conserto de torneira,Hidráulica,m2,2.0,84.06,0.0,baixa,média,1,4.87,13.5,0,167.18
Instalação de piso laminado,Pisos,fixo,4.0,58.44,2278.6,média,alta,16,4.38,7.8,0,2742.92
Instalação de tomada,Elétrica,hora,3.0,75.6,86.96,alta,alta,12,4.69,8.4,0,373.48
Conserto de torneira,Hidráulica,fixo,3.0,66.1,54.7,baixa,média,8,4.24,10.4,1,274.52
Instalação de tomada,Elétrica,m2,1.0,108.64,103.55,alta,alta,14,4.73,9.3,0,241.66
Instalação de tomada,Elétrica,unidade,4.0,137.45,50.24,média,média,8,4.06,15.0,0,594.1
Limpeza pós-obra,Limpeza,fixo,7.0,5.0,0.0,média,baixa,6,3.84,7.0,1,37.43
Instalação de piso laminado,Pisos,hora,3.0,61.39,2355.02,média,média,11,4.78,16.0,1,3095.75
Limpeza pós-obra,Limpeza,m2,3.0,5.0,0.0,baixa,baixa,14,4.57,10.5,0,17.19
Instalação de tomada,Elétrica,unidade,1.0,84.37,0.0,média,média,12,4.84,7.0,1,102.11
Instalação de tomada,Elétrica,m2,5.0,145.79,152.15,baixa,alta,19,4.32,6.8,1,960.03
Limpeza pós-obra,Limpeza,hora,2.0,7.39,22.09,alta,média,5,4.61,1.0,1,37.44
Limpeza pós-obra,Limpeza,hora,4.0,25.33,46.41,média,alta,13,3.37,5.4,0,166.31
Conserto de telhado,Telhados,fixo,3.0,50.3,0.0,baixa,alta,9,5.0,20.1,1,184.67
Instalação de ar-condicionado,Climatização,fixo,2.0,294.68,782.42,alta,média,18,4.27,5.2,1,1490.12
Instalação de piso laminado,Pisos,hora,1.0,86.08,3632.63,baixa,baixa,5,4.72,16.2,1,4424.65
Jardinagem básica,Jardinagem,hora,3.0,56.35,17.12,média,alta,17,5.0,16.3,1,239.72
Conserto de telhado,Telhados,hora,1.0,56.11,530.37,baixa,baixa,11,5.0,20.5,1,650.73
Conserto de telhado,Telhados,unidade,5.0,50.83,1577.34,alta,média,13,4.14,16.0,1,1810.04
Pintura de parede,Pintura,unidade,3.0,32.74,131.82,alta,alta,1,4.92,4.0,1,280.9
Conserto de telhado,Telhados,unidade,3.0,55.86,3307.49,alta,baixa,19,4.95,5.3,1,3988.53
Jardinagem básica,Jardinagem,fixo,4.0,59.08,0.27,alta,alta,0,4.2,7.0,0,262.33
Dedetização,Dedetização,hora,4.0,66.48,30.78,baixa,alta,0,4.1,20.1,0,298.89
Conserto de torneira,Hidráulica,m2,2.0,99.91,94.87,baixa,média,4,4.25,8.3,0,345.93
Dedetização,Dedetização,m2,2.0,5.0,57.78,média,alta,14,5.0,8.9,1,76.64
Pintura de parede,Pintura,unidade,5.0,19.98,31.22,média,média,0,4.36,5.8,1,144.63
Instalação de piso laminado,Pisos,hora,2.0,52.59,646.68,baixa,alta,4,4.79,7.7,1,877.06
Conserto de torneira,Hidráulica,m2,3.0,87.69,145.25,alta,alta,18,4.02,13.2,0,439.07
Conserto de telhado,Telhados,m2,1.0,61.21,0.0,baixa,média,2,3.19,9.9,1,71.84
Instalação de ar-condicionado,Climatização,m2,1.0,280.93,0.0,baixa,alta,13,4.75,0.1,1,289.45
Montagem de móveis,Marcenaria,m2,2.0,132.88,24.14,baixa,alta,3,4.75,8.3,0,322.76
Conserto de telhado,Telhados,unidade,2.0,39.97,5229.77,média,média,14,4.75,12.0,0,6155.35
Instalação de piso laminado,Pisos,hora,2.0,62.83,1015.59,alta,média,6,4.73,7.2,0,1162.35
Instalação de ar-condicionado,Climatização,unidade,3.0,487.07,1374.51,alta,baixa,9,3.66,13.2,1,3109.49
Conserto de torneira,Hidráulica,hora,6.0,94.96,99.35,baixa,baixa,11,3.9,9.5,0,664.66
Limpeza pós-obra,Limpeza,fixo,1.0,66.69,0.0,alta,média,19,5.0,6.7,1,67.61
Instalação de piso laminado,Pisos,fixo,3.0,64.1,1832.1,baixa,média,19,4.02,2.3,1,2056.87
Conserto de torneira,Hidráulica,fixo,3.0,81.82,151.73,alta,baixa,17,4.36,6.1,1,473.94
Pintura de parede,Pintura,unidade,2.0,61.47,80.52,baixa,baixa,9,4.19,8.2,1,206.96
Limpeza pós-obra,Limpeza,unidade,2.0,41.43,0.0,baixa,média,3,4.06,2.5,1,86.81
Instalação de piso laminado,Pisos,unidade,3.0,60.92,928.43,média,média,2,4.85,4.3,0,1443.23
Instalação de piso laminado,Pisos,unidade,2.0,60.21,632.06,baixa,alta,5,4.4,10.6,0,805.69
Instalação de tomada,Elétrica,unidade,1.0,147.98,114.06,baixa,baixa,10,4.38,1.8,0,306.85
Montagem de móveis,Marcenaria,hora,1.0,164.2,245.68,alta,alta,17,5.0,9.4,0,459.35
Conserto de torneira,Hidráulica,m2,6.0,73.84,139.07,média,média,18,4.45,11.7,0,558.79
Conserto de torneira,Hidráulica,m2,3.0,79.78,212.51,baixa,alta,11,4.39,13.2,1,553.34
Conserto de torneira,Hidráulica,fixo,1.0,88.88,183.2,alta,alta,15,4.42,9.6,0,311.57
Pintura de parede,Pintura,unidade,4.0,5.0,55.97,média,média,5,4.73,3.9,0,80.98
Instalação de piso laminado,Pisos,fixo,2.0,62.43,3922.33,baixa,baixa,7,4.63,3.5,0,4560.36
Limpeza pós-obra,Limpeza,fixo,1.0,66.71,0.0,baixa,média,19,4.23,0.1,1,84.07
Conserto de torneira,Hidráulica,hora,3.0,50.72,145.13,baixa,média,18,4.46,13.9,0,352.19
Conserto de telhado,Telhados,hora,3.0,14.21,4339.48,baixa,baixa,20,3.7,14.1,0,4968.45
Instalação de ar-condicionado,Climatização,hora,4.0,172.06,312.69,baixa,alta,4,4.91,13.7,1,1182.33
Instalação de piso laminado,Pisos,hora,1.0,58.13,0.0,alta,alta,6,5.0,2.7,0,64.47
Instalação de ar-condicionado,Climatização,fixo,2.0,206.62,1015.56,baixa,alta,3,4.35,13.2,1,1713.26
Conserto de telhado,Telhados,unidade,1.0,56.03,1657.47,baixa,alta,20,4.76,6.9,1,1995.07
Instalação de piso laminado,Pisos,hora,1.0,60.14,69.99,média,baixa,7,4.82,8.7,0,153.02
Limpeza pós-obra,Limpeza,m2,1.0,5.26,20.29,baixa,alta,2,3.44,3.0,1,30.76
Dedetização,Dedetização,unidade,2.0,40.4,36.21,baixa,baixa,2,3.72,0.1,0,133.86
Instalação de ar-condicionado,Climatização,fixo,2.0,176.18,812.02,baixa,baixa,6,3.9,10.0,0,1409.16
Jardinagem básica,Jardinagem,fixo,3.0,96.87,18.53,baixa,alta,19,4.43,16.4,1,337.2
Limpeza pós-obra,Limpeza,hora,2.0,55.89,0.0,média,baixa,13,2.74,11.4,0,138.25
Instalação de ar-condicionado,Climatização,fixo,2.0,262.21,277.37,média,baixa,3,4.17,5.5,1,893.45
Montagem de móveis,Marcenaria,unidade,3.0,75.71,266.93,alta,alta,9,4.1,13.0,1,560.56
Jardinagem básica,Jardinagem,unidade,7.0,101.59,52.97,baixa,alta,4,4.54,19.7,0,762.59
Conserto de torneira,Hidráulica,unidade,3.0,102.82,241.79,baixa,alta,1,4.57,0.1,0,541.1
Dedetização,Dedetização,hora,2.0,38.49,40.78,baixa,baixa,13,4.48,22.7,1,123.82
Montagem de móveis,Marcenaria,hora,2.0,58.69,270.38,baixa,baixa,8,4.35,11.2,1,449.67
Instalação de tomada,Elétrica,fixo,1.0,70.9,23.52,baixa,alta,4,4.24,6.1,0,106.97
Instalação de ar-condicionado,Climatização,fixo,2.0,86.21,0.0,baixa,baixa,17,4.26,13.7,0,177.25
Limpeza pós-obra,Limpeza,hora,1.0,53.56,0.88,alta,alta,11,4.78,6.5,0,64.34
Instalação de ar-condicionado,Climatização,fixo,3.0,147.34,1500.12,média,média,17,4.13,11.3,1,2020.16
Instalação de tomada,Elétrica,unidade,2.0,82.36,10.97,alta,média,5,4.46,13.1,1,207.31
Jardinagem básica,Jardinagem,unidade,3.0,20.76,0.0,média,alta,5,4.05,2.0,0,70.38
Conserto de torneira,Hidráulica,m2,4.0,105.77,81.12,alta,baixa,3,4.54,7.0,1,505.85
Pintura de parede,Pintura,fixo,2.0,5.0,33.69,baixa,alta,4,4.26,7.0,1,53.49
Jardinagem básica,Jardinagem,unidade,4.0,15.21,25.0,baixa,alta,19,4.8,5.6,1,99.69
Jardinagem básica,Jardinagem,hora,3.0,40.09,22.64,baixa,média,10,4.28,10.2,0,150.47
Instalação de piso laminado,Pisos,hora,3.0,36.18,1803.44,baixa,baixa,13,4.44,12.9,0,2111.33
Dedetização,Dedetização,m2,4.0,87.1,48.49,alta,média,12,4.42,4.0,0,456.65
Jardinagem básica,Jardinagem,m2,1.0,110.89,6.69,média,baixa,12,4.36,14.1,1,138.93
Conserto de telhado,Telhados,unidade,3.0,52.31,3595.56,baixa,média,0,4.14,17.4,0,4108.44
Instalação de tomada,Elétrica,m2,4.0,174.94,306.7,alta,alta,3,4.05,7.3,0,1070.1
Conserto de torneira,Hidráulica,m2,3.0,104.09,30.81,alta,baixa,10,4.33,1.8,1,389.36
Conserto de torneira,Hidráulica,fixo,3.0,89.92,128.08,média,alta,13,4.41,15.4,0,400.93
Dedetização,Dedetização,hora,2.0,103.54,0.0,alta,média,9,4.91,19.5,1,233.26
Montagem de móveis,Marcenaria,m2,1.0,146.11,194.42,alta,alta,10,3.67,6.5,0,372.33
Conserto de telhado,Telhados,unidade,4.0,45.77,2698.0,média,baixa,11,4.87,17.2,0,3196.99
Instalação de ar-condicionado,Climatização,unidade,5.0,253.43,893.33,média,média,0,3.78,4.7,1,2208.9
Conserto de telhado,Telhados,m2,3.0,86.36,7716.54,média,baixa,2,4.77,9.2,0,8807.53
Instalação de piso laminado,Pisos,m2,4.0,81.9,1430.53,média,baixa,20,4.45,4.7,0,1903.33
Pintura de parede,Pintura,unidade,4.0,32.3,30.8,baixa,baixa,13,4.1,10.6,1,159.95
Dedetização,Dedetização,unidade,5.0,5.64,60.89,baixa,baixa,8,4.04,22.0,0,103.76
Conserto de torneira,Hidráulica,m2,2.0,94.22,123.76,baixa,alta,1,4.18,19.1,0,339.83
Jardinagem básica,Jardinagem,fixo,2.0,87.16,6.5,alta,baixa,20,4.43,13.6,1,191.42
Instalação de ar-condicionado,Climatização,fixo,4.0,240.9,367.39,média,alta,0,4.55,3.4,0,1397.68
Instalação de tomada,Elétrica,fixo,3.0,5.0,82.4,alta,alta,17,4.0,2.0,0,104.3
Pintura de parede,Pintura,m2,2.0,34.99,14.37,média,alta,18,4.26,6.8,1,90.49
Conserto de telhado,Telhados,hora,3.0,34.8,2878.35,média,média,13,3.93,17.9,0,3506.65
Instalação de tomada,Elétrica,m2,3.0,44.08,237.0,alta,alta,3,4.49,13.6,0,398.35
Montagem de móveis,Marcenaria,hora,3.0,160.79,289.08,alta,alta,17,4.55,8.9,1,786.95
Jardinagem básica,Jardinagem,m2,1.0,53.7,0.0,média,média,12,4.2,14.4,0,49.99
Pintura de parede,Pintura,hora,4.0,8.9,53.37,alta,baixa,0,4.91,12.1,1,94.52
Dedetização,Dedetização,m2,1.0,23.57,93.79,média,média,19,4.52,15.2,0,133.42
Jardinagem básica,Jardinagem,hora,3.0,62.52,0.0,média,média,19,5.0,6.7,1,188.0
Jardinagem básica,Jardinagem,hora,1.0,30.86,32.48,média,média,2,4.44,7.9,0,79.38
Jardinagem básica,Jardinagem,fixo,2.0,137.14,33.2,alta,baixa,0,4.77,12.1,1,397.27
Conserto de torneira,Hidráulica,fixo,4.0,96.24,0.0,média,alta,14,4.18,4.2,0,377.06
Limpeza pós-obra,Limpeza,hora,3.0,32.48,53.01,baixa,alta,10,4.74,5.9,1,166.47
Instalação de ar-condicionado,Climatização,m2,6.0,409.57,505.97,média,alta,5,4.53,16.4,1,3244.75
Conserto de torneira,Hidráulica,unidade,2.0,106.98,76.96,média,alta,3,3.84,7.1,0,346.86
Pintura de parede,Pintura,hora,6.0,32.18,135.75,baixa,alta,9,4.79,12.8,1,400.94
Instalação de piso laminado,Pisos,unidade,2.0,79.64,1275.97,alta,alta,12,4.5,7.2,0,1698.95
Limpeza pós-obra,Limpeza,hora,2.0,57.76,0.0,alta,média,17,4.6,9.0,0,125.15
Instalação de ar-condicionado,Climatização,fixo,1.0,101.66,2298.27,média,média,18,3.93,12.3,0,2681.92
Instalação de piso laminado,Pisos,m2,6.0,48.64,1808.79,média,baixa,10,4.24,5.3,0,2436.48
Conserto de telhado,Telhados,m2,2.0,34.34,238.68,média,média,20,4.29,19.4,1,371.07
Instalação de piso laminado,Pisos,fixo,2.0,47.81,760.72,baixa,alta,4,5.0,21.9,1,893.82
Instalação de tomada,Elétrica,fixo,6.0,119.52,122.59,alta,baixa,2,4.44,5.5,0,997.65
Limpeza pós-obra,Limpeza,m2,3.0,58.62,73.51,média,média,0,5.0,11.8,0,274.21
Instalação de tomada,Elétrica,unidade,6.0,80.89,137.71,alta,baixa,13,5.0,7.9,1,702.98
Instalação de ar-condicionado,Climatização,m2,1.0,430.38,1277.9,alta,média,3,5.0,10.1,1,1838.02
Conserto de telhado,Telhados,hora,2.0,74.64,2546.81,alta,baixa,0,4.34,21.1,0,2783.53
Instalação de piso laminado,Pisos,unidade,1.0,62.56,2066.69,média,média,9,4.92,14.4,0,2075.34
Limpeza pós-obra,Limpeza,hora,4.0,49.6,16.19,baixa,média,18,4.53,5.1,0,223.14
Instalação de tomada,Elétrica,m2,3.0,62.22,293.81,baixa,alta,15,4.95,8.7,1,525.03
Dedetização,Dedetização,hora,2.0,74.02,25.55,alta,alta,13,4.79,11.6,0,190.27
Instalação de tomada,Elétrica,unidade,6.0,66.92,0.0,alta,alta,17,4.52,13.0,0,428.66
Instalação de tomada,Elétrica,unidade,3.0,106.22,165.02,média,baixa,17,5.0,12.1,0,531.99
Instalação de piso laminado,Pisos,unidade,3.0,53.82,2075.34,alta,baixa,16,4.38,7.4,1,2483.69
Jardinagem básica,Jardinagem,m2,4.0,42.1,45.02,baixa,alta,0,4.41,13.2,1,251.59
Jardinagem básica,Jardinagem,m2,2.0,102.56,6.76,baixa,média,8,4.25,5.0,1,253.68
Limpeza pós-obra,Limpeza,m2,3.0,36.8,95.88,baixa,alta,14,4.82,7.9,0,241.16
Conserto de torneira,Hidráulica,hora,3.0,82.24,0.0,alta,média,15,4.68,14.6,0,293.3
Instalação de tomada,Elétrica,m2,3.0,92.95,198.72,média,baixa,11,3.35,12.0,1,492.12
Limpeza pós-obra,Limpeza,hora,2.0,5.0,47.03,alta,média,10,4.82,7.5,0,64.36
Instalação de ar-condicionado,Climatização,m2,5.0,233.95,621.54,alta,baixa,19,4.39,5.2,1,2219.16
Conserto de torneira,Hidráulica,fixo,2.0,81.67,131.42,média,baixa,19,3.78,6.5,0,349.44
Instalação de tomada,Elétrica,hora,3.0,89.38,16.29,alta,alta,8,4.13,12.0,1,305.44
Montagem de móveis,Marcenaria,fixo,5.0,106.06,218.52,média,alta,18,4.17,9.9,0,878.13
Conserto de telhado,Telhados,unidade,2.0,66.69,2907.63,média,baixa,9,3.74,19.2,0,3663.22
Instalação de tomada,Elétrica,unidade,3.0,132.52,71.12,baixa,baixa,9,4.7,13.3,1,462.67
Conserto de telhado,Telhados,unidade,2.0,26.53,535.38,média,alta,15,4.0,10.9,1,761.1
Pintura de parede,Pintura,hora,2.0,25.82,44.45,alta,alta,11,3.53,7.3,0,113.24
Jardinagem básica,Jardinagem,fixo,1.0,5.0,0.0,baixa,alta,4,4.96,18.2,1,4.64
Instalação de piso laminado,Pisos,unidade,1.0,48.43,0.0,média,média,2,4.4,2.0,0,57.56
Limpeza pós-obra,Limpeza,hora,2.0,108.51,68.06,alta,média,11,4.72,8.3,1,315.13
Jardinagem básica,Jardinagem,hora,2.0,34.74,22.54,alta,baixa,9,4.16,12.8,1,98.94
Limpeza pós-obra,Limpeza,hora,2.0,91.63,116.49,média,alta,13,4.26,6.7,0,327.44
Conserto de telhado,Telhados,m2,4.0,44.65,5677.93,média,média,0,4.82,18.7,0,6921.4
Instalação de tomada,Elétrica,m2,1.0,87.92,147.05,alta,média,18,4.34,14.0,1,237.4
Instalação de ar-condicionado,Climatização,unidade,1.0,403.21,1204.58,média,alta,6,3.71,17.4,1,1773.88
Instalação de ar-condicionado,Climatização,fixo,5.0,190.57,489.09,média,média,16,4.29,5.3,0,1563.86
Conserto de torneira,Hidráulica,fixo,1.0,69.94,187.14,média,baixa,3,5.0,15.3,1,306.86
Instalação de piso laminado,Pisos,unidade,5.0,63.09,1021.12,baixa,alta,8,5.0,10.5,0,1481.28
Jardinagem básica,Jardinagem,m2,3.0,52.41,0.0,baixa,média,13,4.75,0.1,1,191.97
Jardinagem básica,Jardinagem,unidade,3.0,176.73,36.43,alta,baixa,11,4.59,6.7,1,695.56
Conserto de torneira,Hidráulica,m2,6.0,93.73,81.02,alta,baixa,18,4.79,10.5,0,668.63
Dedetização,Dedetização,m2,1.0,35.1,0.0,média,alta,6,4.16,6.1,1,44.01
Instalação de piso laminado,Pisos,unidade,1.0,45.7,784.9,média,média,2,4.33,11.5,1,903.95
Conserto de telhado,Telhados,m2,2.0,68.55,4769.17,baixa,média,10,5.0,12.7,0,5924.54
Dedetização,Dedetização,m2,3.0,5.0,103.89,alta,baixa,1,4.72,15.4,1,138.64
Instalação de ar-condicionado,Climatização,m2,2.0,307.13,1401.64,baixa,média,8,5.0,12.2,1,2028.16
Conserto de torneira,Hidráulica,unidade,4.0,74.89,58.71,alta,média,19,3.87,9.2,1,380.39
Conserto de torneira,Hidráulica,m2,3.0,69.69,43.94,alta,baixa,4,5.0,5.5,1,289.14
Montagem de móveis,Marcenaria,unidade,3.0,146.61,13.01,baixa,média,2,4.37,6.0,1,563.72
Instalação de tomada,Elétrica,m2,3.0,66.67,209.76,média,média,6,3.96,13.2,1,414.04
Dedetização,Dedetização,m2,3.0,5.0,33.07,alta,alta,14,4.35,9.4,1,48.59
Instalação de piso laminado,Pisos,fixo,3.0,61.95,869.28,baixa,baixa,11,4.84,0.1,1,1048.51
Conserto de telhado,Telhados,m2,3.0,80.66,0.0,baixa,alta,5,4.07,17.1,0,247.55
Limpeza pós-obra,Limpeza,fixo,3.0,26.82,23.86,baixa,média,10,4.27,6.0,1,117.01
Instalação de ar-condicionado,Climatização,fixo,5.0,174.25,1631.93,baixa,baixa,11,3.68,8.1,1,2797.57
Instalação de piso laminado,Pisos,fixo,4.0,76.34,0.0,alta,baixa,7,4.38,2.1,0,381.02
Dedetização,Dedetização,hora,5.0,95.73,0.0,média,média,3,4.01,19.5,0,605.3
Jardinagem básica,Jardinagem,hora,2.0,5.0,41.24,média,baixa,9,4.95,14.7,1,56.06
Limpeza pós-obra,Limpeza,unidade,3.0,17.01,45.11,média,alta,4,5.0,8.2,1,119.66
Instalação de tomada,Elétrica,unidade,3.0,94.24,138.32,média,alta,17,3.93,10.3,0,476.51
Jardinagem básica,Jardinagem,unidade,3.0,22.95,0.0,média,baixa,13,4.18,0.4,0,72.56
Montagem de móveis,Marcenaria,hora,3.0,142.39,144.06,alta,alta,14,4.54,5.4,0,632.04
Pintura de parede,Pintura,unidade,3.0,5.0,77.16,alta,baixa,8,3.91,3.0,1,107.77
Dedetização,Dedetização,fixo,5.0,27.4,45.67,baixa,baixa,15,4.31,16.3,0,223.6
Montagem de móveis,Marcenaria,unidade,4.0,96.95,146.53,baixa,média,5,3.83,12.5,0,643.96
Conserto de torneira,Hidráulica,hora,3.0,94.58,176.7,alta,baixa,9,4.71,9.1,1,457.76
Instalação de ar-condicionado,Climatização,hora,3.0,128.68,1232.76,alta,alta,6,4.51,4.3,0,1924.09
Limpeza pós-obra,Limpeza,hora,5.0,12.02,0.0,alta,baixa,12,4.72,9.2,0,73.32
Montagem de móveis,Marcenaria,hora,2.0,155.96,157.98,alta,média,20,5.0,11.6,1,567.54
Jardinagem básica,Jardinagem,fixo,3.0,175.97,19.77,baixa,média,17,4.71,0.1,1,542.39
Dedetização,Dedetização,fixo,2.0,108.78,0.0,média,média,20,3.18,6.5,0,260.86
Instalação de piso laminado,Pisos,fixo,2.0,49.48,1268.32,baixa,alta,14,4.77,8.1,0,1471.16
Montagem de móveis,Marcenaria,hora,3.0,60.31,149.86,baixa,alta,12,4.21,4.3,1,366.1
Instalação de ar-condicionado,Climatização,m2,8.0,217.52,338.63,baixa,baixa,10,4.38,0.1,0,2597.58
Conserto de torneira,Hidráulica,unidade,2.0,90.5,5.14,alta,média,18,4.57,15.2,0,191.13
Limpeza pós-obra,Limpeza,unidade,1.0,57.85,58.91,média,baixa,8,3.84,2.5,0,122.39
Pintura de parede,Pintura,fixo,3.0,36.72,71.84,alta,alta,17,4.49,8.7,0,203.55
Pintura de parede,Pintura,unidade,2.0,69.05,66.31,baixa,média,20,4.02,9.6,1,220.3
Instalação de tomada,Elétrica,m2,3.0,92.75,312.27,baixa,baixa,10,4.66,9.8,0,649.98
Instalação de piso laminado,Pisos,hora,2.0,45.38,961.76,média,alta,4,4.7,7.9,0,1069.36
Instalação de piso laminado,Pisos,unidade,2.0,60.96,2266.55,baixa,alta,18,4.47,9.4,0,2499.44
Conserto de telhado,Telhados,hora,1.0,37.12,4678.68,média,baixa,18,4.18,15.9,0,5323.2
Instalação de piso laminado,Pisos,fixo,2.0,66.32,2283.66,alta,baixa,20,4.36,11.0,1,2822.54
Instalação de ar-condicionado,Climatização,m2,2.0,376.99,808.04,média,alta,1,3.91,0.1,0,1828.06
Instalação de ar-condicionado,Climatização,m2,4.0,526.41,0.0,média,média,20,4.72,5.3,0,2343.45
Montagem de móveis,Marcenaria,hora,2.0,215.71,76.71,baixa,média,5,4.61,3.0,0,589.78
Conserto de torneira,Hidráulica,m2,2.0,84.62,159.61,baixa,média,9,3.41,4.3,0,390.21
Limpeza pós-obra,Limpeza,hora,3.0,5.0,31.99,alta,média,0,4.55,7.3,0,50.25
Jardinagem básica,Jardinagem,m2,4.0,34.96,33.96,média,alta,5,4.84,8.7,1,190.23
Pintura de parede,Pintura,unidade,4.0,8.48,56.98,média,baixa,9,4.19,4.9,0,106.44
Instalação de ar-condicionado,Climatização,hora,2.0,593.79,719.1,baixa,alta,16,4.41,10.5,0,2381.72
Instalação de ar-condicionado,Climatização,m2,4.0,196.97,704.77,baixa,alta,11,4.4,6.4,0,1720.76
Montagem de móveis,Marcenaria,hora,4.0,120.49,295.93,baixa,alta,12,4.08,8.9,0,890.89
Conserto de torneira,Hidráulica,hora,2.0,113.27,130.22,alta,média,10,4.08,5.9,0,460.52
Conserto de torneira,Hidráulica,fixo,2.0,91.61,82.96,baixa,alta,2,4.61,7.1,0,290.85
Limpeza pós-obra,Limpeza,fixo,3.0,87.13,8.97,baixa,baixa,13,3.31,6.7,1,340.68
Instalação de piso laminado,Pisos,unidade,4.0,76.37,0.0,alta,média,16,4.61,0.9,1,322.83
Instalação de piso laminado,Pisos,m2,3.0,61.31,1474.65,média,média,16,4.93,8.5,0,1905.77
Instalação de tomada,Elétrica,unidade,1.0,165.83,156.81,alta,baixa,20,4.66,11.4,0,378.65
Limpeza pós-obra,Limpeza,m2,3.0,23.04,75.22,média,média,3,4.71,6.2,1,168.76
Limpeza pós-obra,Limpeza,m2,6.0,124.42,82.01,média,baixa,14,4.46,5.7,0,880.14
Instalação de ar-condicionado,Climatização,m2,4.0,365.33,0.0,baixa,média,18,5.0,21.2,1,1753.32
Jardinagem básica,Jardinagem,hora,3.0,127.23,13.65,baixa,média,5,4.13,11.9,1,501.96
Dedetização,Dedetização,unidade,3.0,75.41,38.9,baixa,alta,7,4.18,18.1,0,283.63
Instalação de piso laminado,Pisos,unidade,2.0,74.11,2755.5,média,baixa,0,4.62,5.8,1,3639.43
Dedetização,Dedetização,m2,5.0,48.29,88.15,média,baixa,7,4.29,16.2,0,336.73
Limpeza pós-obra,Limpeza,hora,3.0,43.47,50.14,alta,alta,6,4.18,6.5,0,206.29
Conserto de telhado,Telhados,unidade,3.0,37.3,2753.98,alta,baixa,20,5.0,11.7,0,3219.8
Limpeza pós-obra,Limpeza,hora,3.0,5.0,27.22,alta,média,13,3.53,6.3,1,50.82
Limpeza pós-obra,Limpeza,hora,2.0,77.09,0.0,baixa,média,0,4.53,6.8,1,165.05
Instalação de ar-condicionado,Climatização,hora,3.0,365.09,29.73,alta,média,8,4.3,21.9,0,1381.43
Conserto de telhado,Telhados,fixo,1.0,51.85,3931.59,média,baixa,6,3.76,8.0,0,4917.47
Instalação de piso laminado,Pisos,unidade,2.0,62.5,962.29,baixa,média,20,5.0,16.7,0,1182.64
Montagem de móveis,Marcenaria,unidade,3.0,130.65,224.36,média,baixa,13,4.25,10.0,0,756.18
Instalação de ar-condicionado,Climatização,fixo,3.0,510.5,765.76,alta,baixa,9,4.28,3.1,1,2346.51
Instalação de tomada,Elétrica,m2,5.0,118.42,232.71,alta,baixa,6,4.52,9.1,1,968.46
Limpeza pós-obra,Limpeza,unidade,6.0,64.93,0.0,baixa,baixa,8,5.0,7.2,0,390.43
Pintura de parede,Pintura,unidade,1.0,13.89,86.52,média,média,19,4.86,4.0,1,111.72
Conserto de torneira,Hidráulica,hora,3.0,78.11,216.04,média,alta,6,4.01,7.8,0,554.12
Conserto de telhado,Telhados,m2,3.0,65.61,4149.18,média,alta,19,4.08,14.5,1,4583.63
Montagem de móveis,Marcenaria,fixo,2.0,157.43,241.86,baixa,média,6,3.55,10.3,0,567.56
Montagem de móveis,Marcenaria,unidade,2.0,76.95,208.2,média,baixa,1,4.67,11.7,1,386.43
Instalação de tomada,Elétrica,fixo,2.0,158.15,178.87,baixa,baixa,20,5.0,11.8,1,488.82
Dedetização,Dedetização,m2,4.0,62.61,28.96,baixa,alta,19,3.85,17.0,1,344.56
Instalação de ar-condicionado,Climatização,hora,4.0,380.78,1229.47,alta,alta,7,5.0,6.5,1,3010.1
Instalação de tomada,Elétrica,m2,4.0,37.32,160.71,baixa,média,10,3.97,11.3,0,356.23
Pintura de parede,Pintura,hora,2.0,39.45,108.26,baixa,média,4,3.81,7.5,1,209.15
Conserto de telhado,Telhados,fixo,3.0,30.36,852.89,média,média,18,4.48,21.5,1,1126.12
Pintura de parede,Pintura,m2,2.0,16.14,37.03,baixa,baixa,18,4.4,7.4,0,82.47
Limpeza pós-obra,Limpeza,hora,3.0,42.45,40.85,média,média,2,4.29,4.5,1,202.37
Pintura de parede,Pintura,hora,4.0,18.46,177.52,alta,baixa,10,4.8,6.1,1,264.93
Instalação de ar-condicionado,Climatização,unidade,3.0,186.97,917.72,média,alta,7,4.32,6.9,1,1652.48
Conserto de torneira,Hidráulica,unidade,4.0,102.09,67.82,média,baixa,2,5.0,9.6,1,510.07
Montagem de móveis,Marcenaria,hora,4.0,158.19,196.41,alta,alta,2,4.49,5.2,0,881.21
Instalação de piso laminado,Pisos,m2,6.0,50.67,2380.46,média,média,3,3.81,11.4,1,2939.43
Instalação de piso laminado,Pisos,hora,4.0,65.04,1427.06,baixa,baixa,8,5.0,0.1,1,1642.97
Pintura de parede,Pintura,m2,1.0,39.77,48.26,média,baixa,7,4.92,1.8,0,98.07
Jardinagem básica,Jardinagem,unidade,2.0,5.0,10.1,baixa,média,8,4.6,14.3,0,19.18
Conserto de telhado,Telhados,fixo,2.0,67.79,1443.63,média,baixa,4,4.35,13.0,1,1856.26
Limpeza pós-obra,Limpeza,unidade,4.0,61.73,32.58,baixa,baixa,19,4.26,11.0,1,347.85
Dedetização,Dedetização,m2,2.0,83.7,0.0,alta,média,13,3.67,19.9,1,192.87
Instalação de tomada,Elétrica,fixo,4.0,56.64,64.01,média,média,13,4.76,6.2,1,295.86
Instalação de piso laminado,Pisos,fixo,2.0,50.58,2499.33,baixa,alta,0,3.86,17.7,0,2955.46
Dedetização,Dedetização,fixo,1.0,125.16,41.01,alta,média,13,4.3,9.2,0,180.84
Dedetização,Dedetização,m2,1.0,5.0,15.75,alta,baixa,20,3.72,16.5,0,23.98
Instalação de piso laminado,Pisos,hora,2.0,62.8,336.77,alta,baixa,11,4.73,4.3,1,562.39
Instalação de tomada,Elétrica,hora,3.0,168.58,117.44,alta,alta,17,4.94,8.3,0,786.79
Limpeza pós-obra,Limpeza,hora,6.0,90.09,4.0,alta,baixa,2,4.24,5.0,1,664.57
Instalação de tomada,Elétrica,hora,5.0,161.89,229.15,baixa,alta,20,4.38,11.2,0,1294.01
Limpeza pós-obra,Limpeza,unidade,4.0,8.43,1.19,média,média,17,5.0,8.7,0,40.26
Montagem de móveis,Marcenaria,unidade,4.0,168.99,198.0,alta,alta,12,4.39,7.4,1,995.27
Dedetização,Dedetização,m2,2.0,224.15,124.23,baixa,alta,8,4.07,8.5,0,711.1
Dedetização,Dedetização,m2,2.0,97.14,15.45,baixa,alta,15,4.92,19.1,0,211.62
Conserto de telhado,Telhados,unidade,6.0,55.72,2459.87,média,alta,12,4.27,12.1,1,3534.22
Limpeza pós-obra,Limpeza,fixo,2.0,5.0,90.38,alta,média,9,5.0,2.2,0,127.54
Conserto de telhado,Telhados,m2,1.0,54.64,5016.86,alta,média,7,4.75,16.1,0,6132.39
Instalação de piso laminado,Pisos,unidade,2.0,65.62,1439.54,baixa,alta,18,4.83,7.5,0,1834.54
Pintura de parede,Pintura,unidade,4.0,36.86,115.78,alta,média,13,4.32,15.4,1,293.86
Pintura de parede,Pintura,m2,3.0,75.57,7.0,baixa,média,9,4.8,11.0,1,248.75
Limpeza pós-obra,Limpeza,fixo,1.0,18.08,57.08,baixa,baixa,13,4.68,6.7,0,80.12
Montagem de móveis,Marcenaria,fixo,2.0,158.32,157.77,alta,baixa,2,4.96,8.7,0,551.01
Instalação de tomada,Elétrica,fixo,3.0,74.82,89.02,baixa,média,0,4.74,12.6,0,381.03
Conserto de telhado,Telhados,hora,4.0,15.04,3625.98,baixa,alta,6,4.37,12.1,0,4159.52
Conserto de torneira,Hidráulica,fixo,2.0,51.43,129.4,média,alta,19,4.46,4.1,0,256.6
Instalação de ar-condicionado,Climatização,m2,4.0,293.7,750.02,média,alta,12,3.68,3.4,1,2297.5
Instalação de piso laminado,Pisos,fixo,3.0,60.37,2194.87,baixa,alta,1,4.93,7.4,1,2514.2
Dedetização,Dedetização,unidade,5.0,72.84,0.0,média,alta,5,4.71,3.3,1,448.14
Limpeza pós-obra,Limpeza,fixo,3.0,59.36,3.47,baixa,média,4,5.0,10.4,0,225.19
Instalação de piso laminado,Pisos,unidade,5.0,52.62,0.0,média,média,11,4.15,8.4,1,282.48
Jardinagem básica,Jardinagem,unidade,2.0,41.74,0.0,baixa,média,2,4.75,10.9,1,91.22
Pintura de parede,Pintura,m2,1.0,37.76,64.74,média,média,0,4.64,10.1,1,105.03
Instalação de tomada,Elétrica,fixo,2.0,120.88,297.67,alta,baixa,5,4.52,7.7,0,598.63
Instalação de tomada,Elétrica,fixo,2.0,82.07,126.39,baixa,média,19,3.44,15.7,0,343.33
Instalação de piso laminado,Pisos,unidade,7.0,64.29,682.98,baixa,alta,14,4.94,3.1,1,1312.32
Conserto de telhado,Telhados,m2,2.0,39.19,1690.43,alta,alta,16,5.0,18.0,0,1987.95
Conserto de telhado,Telhados,hora,3.0,40.2,10457.39,alta,alta,11,4.08,10.0,0,11767.28
Limpeza pós-obra,Limpeza,fixo,3.0,52.28,0.0,baixa,média,0,4.05,7.5,0,177.37
Instalação de piso laminado,Pisos,hora,2.0,57.88,0.0,média,baixa,8,4.39,8.3,0,114.12
Dedetização,Dedetização,unidade,2.0,39.82,81.49,média,baixa,8,3.76,4.5,0,191.51
Instalação de ar-condicionado,Climatização,fixo,3.0,5.0,345.68,média,média,8,5.0,5.1,1,405.54
Instalação de piso laminado,Pisos,unidade,2.0,49.62,1335.35,média,baixa,16,4.69,7.7,1,1712.44
Dedetização,Dedetização,unidade,3.0,80.35,15.77,média,média,15,4.51,20.4,0,276.02
Jardinagem básica,Jardinagem,m2,2.0,106.88,0.0,alta,baixa,10,4.57,8.1,1,237.73
Pintura de parede,Pintura,fixo,2.0,5.0,2.86,alta,baixa,9,4.23,10.7,0,13.74
Pintura de parede,Pintura,unidade,3.0,42.05,60.11,baixa,alta,12,3.97,11.1,0,193.27
Instalação de ar-condicionado,Climatização,hora,3.0,437.71,606.28,baixa,média,14,4.5,3.3,1,2153.21
Instalação de ar-condicionado,Climatização,hora,3.0,67.27,75.33,baixa,baixa,3,3.98,0.1,0,322.09
Pintura de parede,Pintura,m2,3.0,62.63,25.51,baixa,baixa,2,3.81,5.9,1,240.83
Jardinagem básica,Jardinagem,unidade,2.0,89.45,31.1,média,média,18,4.48,0.6,0,212.09
Conserto de telhado,Telhados,hora,2.0,40.48,4171.13,média,baixa,12,4.2,22.5,1,4406.57
Conserto de telhado,Telhados,m2,4.0,26.91,1433.0,média,alta,14,4.0,13.6,1,1816.86
Instalação de piso laminado,Pisos,unidade,5.0,58.44,1277.36,baixa,alta,8,4.93,12.1,0,1657.48
Conserto de telhado,Telhados,hora,7.0,42.91,2043.25,baixa,baixa,3,4.29,21.6,0,2935.02
Limpeza pós-obra,Limpeza,hora,2.0,5.0,49.38,alta,média,13,4.49,5.7,0,67.79
Instalação de piso laminado,Pisos,hora,3.0,60.83,1556.42,alta,média,4,4.73,14.7,1,1881.78
Conserto de telhado,Telhados,fixo,3.0,58.63,2264.89,baixa,alta,9,4.77,12.7,1,2581.73
Instalação de tomada,Elétrica,m2,5.0,133.89,103.1,baixa,alta,9,4.1,4.4,0,938.96
Dedetização,Dedetização,unidade,3.0,46.03,0.0,baixa,baixa,1,4.48,7.6,0,139.47
Dedetização,Dedetização,hora,3.0,144.15,0.0,média,alta,3,5.0,10.0,0,455.06
Montagem de móveis,Marcenaria,hora,4.0,78.77,279.46,baixa,média,14,4.54,9.0,1,716.25
Limpeza pós-obra,Limpeza,m2,1.0,5.0,0.0,baixa,média,16,4.98,9.5,0,4.93
Instalação de tomada,Elétrica,hora,3.0,135.98,48.46,alta,alta,15,5.0,5.7,1,526.1
Instalação de ar-condicionado,Climatização,m2,5.0,229.57,604.17,alta,baixa,9,4.27,5.2,0,1791.58
Limpeza pós-obra,Limpeza,fixo,2.0,97.54,45.99,alta,média,3,3.48,7.8,1,238.38
Dedetização,Dedetização,hora,2.0,95.09,0.0,média,baixa,16,4.02,17.0,0,205.81
Montagem de móveis,Marcenaria,hora,1.0,135.62,39.08,alta,alta,17,4.58,6.4,1,198.3
Jardinagem básica,Jardinagem,fixo,4.0,5.0,21.74,baixa,baixa,9,4.34,16.5,0,46.47
